year,lat,lon,coordinateUncertaintyInMeters,coordinatePrecision,scientificNameID,scientificName,speciesKey,species,iucnRedListCategory
2021,42.23,3.07,7071.0,,,"Mustela lutreola (Linnaeus, 1761)",5219007,Mustela lutreola,CR
2019,44.88882,-0.60023,2267.0,,,"Mustela lutreola (Linnaeus, 1761)",5219007,Mustela lutreola,CR
1997,44.98342,-1.10764,9565.0,,,"Mustela lutreola (Linnaeus, 1761)",5219007,Mustela lutreola,CR
2009,45.12767,-0.66971,3174.0,,,"Mustela lutreola (Linnaeus, 1761)",5219007,Mustela lutreola,CR
2014,44.71436,-0.94404,9284.0,,,"Mustela lutreola (Linnaeus, 1761)",5219007,Mustela lutreola,CR
2013,45.94492,-0.68016,5000.0,,,"Mustela lutreola (Linnaeus, 1761)",5219007,Mustela lutreola,CR
2013,45.8463,-0.93158,5000.0,,,"Mustela lutreola (Linnaeus, 1761)",5219007,Mustela lutreola,CR
2014,45.85071,-0.80287,5000.0,,,"Mustela lutreola (Linnaeus, 1761)",5219007,Mustela lutreola,CR
2013,46.12896,-0.56285,5000.0,,,"Mustela lutreola (Linnaeus, 1761)",5219007,Mustela lutreola,CR
2015,45.85497,-0.67415,5000.0,,,"Mustela lutreola (Linnaeus, 1761)",5219007,Mustela lutreola,CR
2001,43.42654,-1.51736,3908.0,,,"Mustela lutreola (Linnaeus, 1761)",5219007,Mustela lutreola,CR
2018,46.03977,-1.03464,3525.0,,,"Mustela lutreola (Linnaeus, 1761)",5219007,Mustela lutreola,CR
2018,45.9882,-1.02738,3807.0,,,"Mustela lutreola (Linnaeus, 1761)",5219007,Mustela lutreola,CR
2018,45.9882,-1.02738,3807.0,,,"Mustela lutreola (Linnaeus, 1761)",5219007,Mustela lutreola,CR
2018,45.9882,-1.02738,3807.0,,,"Mustela lutreola (Linnaeus, 1761)",5219007,Mustela lutreola,CR
2018,45.9882,-1.02738,3807.0,,,"Mustela lutreola (Linnaeus, 1761)",5219007,Mustela lutreola,CR
2018,45.9882,-1.02738,3807.0,,,"Mustela lutreola (Linnaeus, 1761)",5219007,Mustela lutreola,CR
2018,45.9882,-1.02738,3807.0,,,"Mustela lutreola (Linnaeus, 1761)",5219007,Mustela lutreola,CR
2018,45.9882,-1.02738,3807.0,,,"Mustela lutreola (Linnaeus, 1761)",5219007,Mustela lutreola,CR
2018,45.9882,-1.02738,3807.0,,,"Mustela lutreola (Linnaeus, 1761)",5219007,Mustela lutreola,CR
2015,44.57803,-1.02418,8158.0,,,"Mustela lutreola (Linnaeus, 1761)",5219007,Mustela lutreola,CR
2014,43.60492,-1.37095,2125.0,,,"Mustela lutreola (Linnaeus, 1761)",5219007,Mustela lutreola,CR
2007,45.91977,-0.90453,3891.0,,,"Mustela lutreola (Linnaeus, 1761)",5219007,Mustela lutreola,CR
1998,45.83521,-1.07453,5464.0,,,"Mustela lutreola (Linnaeus, 1761)",5219007,Mustela lutreola,CR
2019,46.01115,-0.8645,5148.0,,,"Mustela lutreola (Linnaeus, 1761)",5219007,Mustela lutreola,CR
2011,45.91433,-0.7786,3597.0,,,"Mustela lutreola (Linnaeus, 1761)",5219007,Mustela lutreola,CR
2015,45.89521,-0.78447,3367.0,,,"Mustela lutreola (Linnaeus, 1761)",5219007,Mustela lutreola,CR
2005,45.9882,-1.02738,3807.0,,,"Mustela lutreola (Linnaeus, 1761)",5219007,Mustela lutreola,CR
2019,46.01115,-0.8645,5148.0,,,"Mustela lutreola (Linnaeus, 1761)",5219007,Mustela lutreola,CR
2011,45.91433,-0.7786,3597.0,,,"Mustela lutreola (Linnaeus, 1761)",5219007,Mustela lutreola,CR
1981,44.79538,-1.07848,6253.0,,,"Mustela lutreola (Linnaeus, 1761)",5219007,Mustela lutreola,CR
2017,43.25642,-0.76095,73739.0,,,"Mustela lutreola (Linnaeus, 1761)",5219007,Mustela lutreola,CR
2014,45.7182,0.20179,55099.0,,,"Mustela lutreola (Linnaeus, 1761)",5219007,Mustela lutreola,CR
2017,44.83795,-0.58126,79912.0,,,"Mustela lutreola (Linnaeus, 1761)",5219007,Mustela lutreola,CR
2017,43.96532,-0.78396,68228.0,,,"Mustela lutreola (Linnaeus, 1761)",5219007,Mustela lutreola,CR
2017,44.83795,-0.58126,79912.0,,,"Mustela lutreola (Linnaeus, 1761)",5219007,Mustela lutreola,CR
2017,44.83795,-0.58126,79912.0,,,"Mustela lutreola (Linnaeus, 1761)",5219007,Mustela lutreola,CR
2000,43.05314,0.16381,52728.0,,,"Mustela lutreola (Linnaeus, 1761)",5219007,Mustela lutreola,CR
2000,43.05314,0.16381,52728.0,,,"Mustela lutreola (Linnaeus, 1761)",5219007,Mustela lutreola,CR
2000,43.05314,0.16381,52728.0,,,"Mustela lutreola (Linnaeus, 1761)",5219007,Mustela lutreola,CR
2000,42.8127,0.00701,5000.0,,,"Mustela lutreola (Linnaeus, 1761)",5219007,Mustela lutreola,CR
2000,43.05314,0.16381,52728.0,,,"Mustela lutreola (Linnaeus, 1761)",5219007,Mustela lutreola,CR
2000,43.08414,-0.15758,4656.0,,,"Mustela lutreola (Linnaeus, 1761)",5219007,Mustela lutreola,CR
2000,43.05314,0.16381,52728.0,,,"Mustela lutreola (Linnaeus, 1761)",5219007,Mustela lutreola,CR
2000,43.05314,0.16381,52728.0,,,"Mustela lutreola (Linnaeus, 1761)",5219007,Mustela lutreola,CR
2000,43.00499,0.48753,5000.0,,,"Mustela lutreola (Linnaeus, 1761)",5219007,Mustela lutreola,CR
2000,43.00778,0.61001,5000.0,,,"Mustela lutreola (Linnaeus, 1761)",5219007,Mustela lutreola,CR
2018,45.84242,6.06082,10.0,,,"Mustela lutreola (Linnaeus, 1761)",5219007,Mustela lutreola,CR
2009,44.74656,-0.52945,2689.0,,,"Mustela lutreola (Linnaeus, 1761)",5219007,Mustela lutreola,CR
2013,43.48315,-1.28294,4136.0,,,"Mustela lutreola (Linnaeus, 1761)",5219007,Mustela lutreola,CR
2007,45.26745,-0.21569,,,,"Mustela lutreola (Linnaeus, 1761)",5219007,Mustela lutreola,CR
2007,45.26648,-0.21574,,,,"Mustela lutreola (Linnaeus, 1761)",5219007,Mustela lutreola,CR
2018,44.02009,-1.27635,7129.0,,,"Mustela lutreola (Linnaeus, 1761)",5219007,Mustela lutreola,CR
2014,44.71436,-0.94404,9284.0,,,"Mustela lutreola (Linnaeus, 1761)",5219007,Mustela lutreola,CR
2012,45.12767,-0.66971,3174.0,,,"Mustela lutreola (Linnaeus, 1761)",5219007,Mustela lutreola,CR
2009,45.12767,-0.66971,3174.0,,,"Mustela lutreola (Linnaeus, 1761)",5219007,Mustela lutreola,CR
2003,43.42654,-1.51736,3908.0,,,"Mustela lutreola (Linnaeus, 1761)",5219007,Mustela lutreola,CR
2020,62.801186,30.117172,1.0,,,"Mustela lutreola (Linnaeus, 1761)",5219007,Mustela lutreola,CR
1924,50.293972,30.591766,1500.0,,,"Lutreola lutreola (Linnaeus, 1761)",5219007,Mustela lutreola,NE
1898,59.17,78.0,100000.0,,,"Mustela lutreola (Linnaeus, 1761)",5219007,Mustela lutreola,CR
1919,61.2151,24.0532,15000.0,,,"Mustela lutreola (Linnaeus, 1761)",5219007,Mustela lutreola,CR
1914,60.45,26.25,10000.0,,,"Mustela lutreola (Linnaeus, 1761)",5219007,Mustela lutreola,CR
1901,60.803013,25.809403,100000.0,,,"Mustela lutreola (Linnaeus, 1761)",5219007,Mustela lutreola,CR
1853,60.4,23.88,34000.0,,,"Mustela lutreola (Linnaeus, 1761)",5219007,Mustela lutreola,CR
1925,60.08,24.42,25000.0,,,"Mustela lutreola (Linnaeus, 1761)",5219007,Mustela lutreola,CR
1914,60.45,26.25,10000.0,,,"Mustela lutreola (Linnaeus, 1761)",5219007,Mustela lutreola,CR
1868,60.686454,24.368844,100000.0,,,"Mustela lutreola (Linnaeus, 1761)",5219007,Mustela lutreola,CR
1875,61.782951,25.709148,50000.0,,,"Mustela lutreola (Linnaeus, 1761)",5219007,Mustela lutreola,CR
1861,60.6,27.2,10000.0,,,"Mustela lutreola (Linnaeus, 1761)",5219007,Mustela lutreola,CR
1933,63.759269,25.31145,100000.0,,,"Mustela lutreola (Linnaeus, 1761)",5219007,Mustela lutreola,CR
1903,62.998091,27.826245,100000.0,,,"Mustela lutreola (Linnaeus, 1761)",5219007,Mustela lutreola,CR
1933,63.759269,25.31145,100000.0,,,"Mustela lutreola (Linnaeus, 1761)",5219007,Mustela lutreola,CR
1854,60.110161,25.018642,50000.0,,,"Mustela lutreola (Linnaeus, 1761)",5219007,Mustela lutreola,CR
1932,60.86681,25.264076,50000.0,,,"Mustela lutreola (Linnaeus, 1761)",5219007,Mustela lutreola,CR
1926,60.86681,25.264076,50000.0,,,"Mustela lutreola (Linnaeus, 1761)",5219007,Mustela lutreola,CR
1927,60.86681,25.264076,50000.0,,,"Mustela lutreola (Linnaeus, 1761)",5219007,Mustela lutreola,CR
1868,60.319239,24.969648,50000.0,,,"Mustela lutreola (Linnaeus, 1761)",5219007,Mustela lutreola,CR
1931,60.86681,25.264076,50000.0,,,"Mustela lutreola (Linnaeus, 1761)",5219007,Mustela lutreola,CR
1930,60.86681,25.264076,50000.0,,,"Mustela lutreola (Linnaeus, 1761)",5219007,Mustela lutreola,CR
1930,60.86681,25.264076,50000.0,,,"Mustela lutreola (Linnaeus, 1761)",5219007,Mustela lutreola,CR
1930,60.86681,25.264076,50000.0,,,"Mustela lutreola (Linnaeus, 1761)",5219007,Mustela lutreola,CR
1931,60.86681,25.264076,50000.0,,,"Mustela lutreola (Linnaeus, 1761)",5219007,Mustela lutreola,CR
1921,61.3659,24.7227,,,,"Mustela lutreola (Linnaeus, 1761)",5219007,Mustela lutreola,CR
1912,61.422151,23.609172,50000.0,,,"Mustela lutreola (Linnaeus, 1761)",5219007,Mustela lutreola,CR
1917,61.039426,24.513134,100000.0,,,"Mustela lutreola (Linnaeus, 1761)",5219007,Mustela lutreola,CR
1875,61.207,28.79,500.0,,,"Mustela lutreola (Linnaeus, 1761)",5219007,Mustela lutreola,CR
1965,63.351934,27.624795,100000.0,,,"Mustela lutreola (Linnaeus, 1761)",5219007,Mustela lutreola,CR
1858,59.928587,23.387347,100000.0,,,"Mustela lutreola (Linnaeus, 1761)",5219007,Mustela lutreola,CR
1878,59.928587,23.387347,100000.0,,,"Mustela lutreola (Linnaeus, 1761)",5219007,Mustela lutreola,CR
1878,59.928587,23.387347,100000.0,,,"Mustela lutreola (Linnaeus, 1761)",5219007,Mustela lutreola,CR
1926,60.951661,26.268439,100000.0,,,"Mustela lutreola (Linnaeus, 1761)",5219007,Mustela lutreola,CR
1850,61.090393,22.053864,50000.0,,,"Mustela lutreola (Linnaeus, 1761)",5219007,Mustela lutreola,CR
1910,62.18,32.41,65000.0,,,"Mustela lutreola (Linnaeus, 1761)",5219007,Mustela lutreola,CR
1965,63.351934,27.624795,100000.0,,,"Mustela lutreola (Linnaeus, 1761)",5219007,Mustela lutreola,CR
1931,62.815995,29.924015,100000.0,,,"Mustela lutreola (Linnaeus, 1761)",5219007,Mustela lutreola,CR
1931,62.815995,29.924015,100000.0,,,"Mustela lutreola (Linnaeus, 1761)",5219007,Mustela lutreola,CR
1931,62.815995,29.924015,100000.0,,,"Mustela lutreola (Linnaeus, 1761)",5219007,Mustela lutreola,CR
1931,62.815995,29.924015,100000.0,,,"Mustela lutreola (Linnaeus, 1761)",5219007,Mustela lutreola,CR
1978,62.790036,30.972768,100000.0,,,"Mustela lutreola (Linnaeus, 1761)",5219007,Mustela lutreola,CR
1871,65.204372,25.443245,100000.0,,,"Mustela lutreola (Linnaeus, 1761)",5219007,Mustela lutreola,CR
1915,63.377778,30.354404,100000.0,,,"Mustela lutreola (Linnaeus, 1761)",5219007,Mustela lutreola,CR
1937,61.69,27.26,30000.0,,,"Mustela lutreola (Linnaeus, 1761)",5219007,Mustela lutreola,CR
1922,61.039426,24.513134,100000.0,,,"Mustela lutreola (Linnaeus, 1761)",5219007,Mustela lutreola,CR
2010,51.41,5.73,1113.0,0.01,,"Mustela lutreola (Linnaeus, 1761)",5219007,Mustela lutreola,CR
2021,50.175667,8.692657,25.0,,,"Lutreola lutreola (Linnaeus, 1761)",5219007,Mustela lutreola,NE
1976,51.596004,6.303721,250.0,,,"Lutreola lutreola (Linnaeus, 1761)",5219007,Mustela lutreola,NE
2020,44.3519,146.1687,,,,"Mustela lutreola (Linnaeus, 1761)",5219007,Mustela lutreola,CR
1981,44.279938,146.164824,,,,"Mustela lutreola (Linnaeus, 1761)",5219007,Mustela lutreola,CR
2017,44.034065,145.724023,,,,"Mustela lutreola (Linnaeus, 1761)",5219007,Mustela lutreola,CR
2017,43.74159,145.55933,,,,"Mustela lutreola (Linnaeus, 1761)",5219007,Mustela lutreola,CR
1985,44.196216,146.009533,,,,"Mustela lutreola (Linnaeus, 1761)",5219007,Mustela lutreola,CR
2017,43.916683,145.591767,,,,"Mustela lutreola (Linnaeus, 1761)",5219007,Mustela lutreola,CR
1984,44.271422,146.174668,,,,"Mustela lutreola (Linnaeus, 1761)",5219007,Mustela lutreola,CR
2016,44.10213,145.82736,,,,"Mustela lutreola (Linnaeus, 1761)",5219007,Mustela lutreola,CR
2018,44.25985,146.09726,,,,"Mustela lutreola (Linnaeus, 1761)",5219007,Mustela lutreola,CR
1985,44.196842,146.017171,,,,"Mustela lutreola (Linnaeus, 1761)",5219007,Mustela lutreola,CR
2019,44.11056,145.8992,,,,"Mustela lutreola (Linnaeus, 1761)",5219007,Mustela lutreola,CR
2020,44.3452,146.162,,,,"Mustela lutreola (Linnaeus, 1761)",5219007,Mustela lutreola,CR
2020,44.3465,146.1627,,,,"Mustela lutreola (Linnaeus, 1761)",5219007,Mustela lutreola,CR
2016,44.0907,145.779922,,,,"Mustela lutreola (Linnaeus, 1761)",5219007,Mustela lutreola,CR
2016,44.0907,145.779922,,,,"Mustela lutreola (Linnaeus, 1761)",5219007,Mustela lutreola,CR
2016,44.245242,146.0711,,,,"Mustela lutreola (Linnaeus, 1761)",5219007,Mustela lutreola,CR
2016,44.20177,145.87895,,,,"Mustela lutreola (Linnaeus, 1761)",5219007,Mustela lutreola,CR
2021,44.070257,145.819926,,,,"Mustela lutreola (Linnaeus, 1761)",5219007,Mustela lutreola,CR
2021,44.15155,145.8614,,,,"Mustela lutreola (Linnaeus, 1761)",5219007,Mustela lutreola,CR
2014,44.0983,145.801065,,,,"Mustela lutreola (Linnaeus, 1761)",5219007,Mustela lutreola,CR
2021,43.99269,145.70039,,,,"Mustela lutreola (Linnaeus, 1761)",5219007,Mustela lutreola,CR
2014,43.9707,145.690143,,,,"Mustela lutreola (Linnaeus, 1761)",5219007,Mustela lutreola,CR
2021,44.01879,145.70039,,,,"Mustela lutreola (Linnaeus, 1761)",5219007,Mustela lutreola,CR
2015,43.9544,145.591353,,,,"Mustela lutreola (Linnaeus, 1761)",5219007,Mustela lutreola,CR
2016,43.9425,145.635,,,,"Mustela lutreola (Linnaeus, 1761)",5219007,Mustela lutreola,CR
2016,43.7991,145.445,,,,"Mustela lutreola (Linnaeus, 1761)",5219007,Mustela lutreola,CR
2016,43.95367,145.677173,,,,"Mustela lutreola (Linnaeus, 1761)",5219007,Mustela lutreola,CR
2020,44.35476,146.1696,,,,"Mustela lutreola (Linnaeus, 1761)",5219007,Mustela lutreola,CR
2020,44.306494,146.156388,,,,"Mustela lutreola (Linnaeus, 1761)",5219007,Mustela lutreola,CR
2017,44.018887,145.750987,,,,"Mustela lutreola (Linnaeus, 1761)",5219007,Mustela lutreola,CR
2017,44.018887,145.750987,,,,"Mustela lutreola (Linnaeus, 1761)",5219007,Mustela lutreola,CR
2017,44.018887,145.750987,,,,"Mustela lutreola (Linnaeus, 1761)",5219007,Mustela lutreola,CR
2017,44.018887,145.750987,,,,"Mustela lutreola (Linnaeus, 1761)",5219007,Mustela lutreola,CR
2017,44.018887,145.750987,,,,"Mustela lutreola (Linnaeus, 1761)",5219007,Mustela lutreola,CR
2017,44.018887,145.750987,,,,"Mustela lutreola (Linnaeus, 1761)",5219007,Mustela lutreola,CR
2019,61.35,51.88,3000.0,,,"Mustela lutreola (Linnaeus, 1761)",5219007,Mustela lutreola,CR
2019,61.22,52.03,3000.0,,,"Mustela lutreola (Linnaeus, 1761)",5219007,Mustela lutreola,CR
2019,61.13,50.49,3000.0,,,"Mustela lutreola (Linnaeus, 1761)",5219007,Mustela lutreola,CR
2019,61.13,52.15,3000.0,,,"Mustela lutreola (Linnaeus, 1761)",5219007,Mustela lutreola,CR
2001,44.96413,-0.43173,5000.0,,,"Mustela lutreola (Linnaeus, 1761)",5219007,Mustela lutreola,CR
2001,45.44534,-1.0133,5000.0,,,"Mustela lutreola (Linnaeus, 1761)",5219007,Mustela lutreola,CR
1996,44.76323,-0.17092,5000.0,,,"Mustela lutreola (Linnaeus, 1761)",5219007,Mustela lutreola,CR
1970,45.32768,-1.09364,5000.0,,,"Mustela lutreola (Linnaeus, 1761)",5219007,Mustela lutreola,CR
1993,44.67529,-1.14949,5000.0,,,"Mustela lutreola (Linnaeus, 1761)",5219007,Mustela lutreola,CR
2010,43.53979,-1.27238,5000.0,,,"Mustela lutreola (Linnaeus, 1761)",5219007,Mustela lutreola,CR
2010,44.88975,-0.65391,5000.0,,,"Mustela lutreola (Linnaeus, 1761)",5219007,Mustela lutreola,CR
2000,45.12365,-1.08567,5000.0,,,"Mustela lutreola (Linnaeus, 1761)",5219007,Mustela lutreola,CR
1999,43.88544,-1.27422,5000.0,,,"Mustela lutreola (Linnaeus, 1761)",5219007,Mustela lutreola,CR
1991,44.19428,0.1898,5000.0,,,"Mustela lutreola (Linnaeus, 1761)",5219007,Mustela lutreola,CR
1982,45.12971,0.23664,5000.0,,,"Mustela lutreola (Linnaeus, 1761)",5219007,Mustela lutreola,CR
1983,44.62682,-0.9845,5000.0,,,"Mustela lutreola (Linnaeus, 1761)",5219007,Mustela lutreola,CR
1982,44.97045,0.73995,5000.0,,,"Mustela lutreola (Linnaeus, 1761)",5219007,Mustela lutreola,CR
1982,43.75462,-1.32473,5000.0,,,"Mustela lutreola (Linnaeus, 1761)",5219007,Mustela lutreola,CR
1982,46.75139,1.2552,5000.0,,,"Mustela lutreola (Linnaeus, 1761)",5219007,Mustela lutreola,CR
2009,44.22616,-0.37597,5000.0,,,"Mustela lutreola (Linnaeus, 1761)",5219007,Mustela lutreola,CR
1993,44.66863,-0.27377,5000.0,,,"Mustela lutreola (Linnaeus, 1761)",5219007,Mustela lutreola,CR
2001,44.81947,-0.34433,5000.0,,,"Mustela lutreola (Linnaeus, 1761)",5219007,Mustela lutreola,CR
1984,44.47565,-0.80291,5000.0,,,"Mustela lutreola (Linnaeus, 1761)",5219007,Mustela lutreola,CR
1998,45.18238,-0.37117,5000.0,,,"Mustela lutreola (Linnaeus, 1761)",5219007,Mustela lutreola,CR
1999,45.4461,0.38564,5000.0,,,"Mustela lutreola (Linnaeus, 1761)",5219007,Mustela lutreola,CR
1992,44.27568,-0.12838,5000.0,,,"Mustela lutreola (Linnaeus, 1761)",5219007,Mustela lutreola,CR
1992,44.35261,-0.29746,5000.0,,,"Mustela lutreola (Linnaeus, 1761)",5219007,Mustela lutreola,CR
1984,45.43987,-1.0149,5000.0,,,"Mustela lutreola (Linnaeus, 1761)",5219007,Mustela lutreola,CR
1993,43.94336,-0.68583,5000.0,,,"Mustela lutreola (Linnaeus, 1761)",5219007,Mustela lutreola,CR
1979,44.48303,-1.13435,5000.0,,,"Mustela lutreola (Linnaeus, 1761)",5219007,Mustela lutreola,CR
1983,43.8814,-1.37319,5000.0,,,"Mustela lutreola (Linnaeus, 1761)",5219007,Mustela lutreola,CR
1997,44.57252,-0.58674,5000.0,,,"Mustela lutreola (Linnaeus, 1761)",5219007,Mustela lutreola,CR
1993,44.65864,-0.26668,5000.0,,,"Mustela lutreola (Linnaeus, 1761)",5219007,Mustela lutreola,CR
1992,44.3975,-0.29957,5000.0,,,"Mustela lutreola (Linnaeus, 1761)",5219007,Mustela lutreola,CR
1999,45.43446,0.41771,5000.0,,,"Mustela lutreola (Linnaeus, 1761)",5219007,Mustela lutreola,CR
1999,44.45288,-0.15512,5000.0,,,"Mustela lutreola (Linnaeus, 1761)",5219007,Mustela lutreola,CR
2000,43.88781,-1.32609,5000.0,,,"Mustela lutreola (Linnaeus, 1761)",5219007,Mustela lutreola,CR
1993,44.68747,-1.039,5000.0,,,"Mustela lutreola (Linnaeus, 1761)",5219007,Mustela lutreola,CR
2003,45.39377,0.58383,5000.0,,,"Mustela lutreola (Linnaeus, 1761)",5219007,Mustela lutreola,CR
2000,45.07946,-1.11495,5000.0,,,"Mustela lutreola (Linnaeus, 1761)",5219007,Mustela lutreola,CR
1984,44.73766,-0.50528,5000.0,,,"Mustela lutreola (Linnaeus, 1761)",5219007,Mustela lutreola,CR
1998,44.47823,-0.44713,5000.0,,,"Mustela lutreola (Linnaeus, 1761)",5219007,Mustela lutreola,CR
1991,44.24149,0.09339,5000.0,,,"Mustela lutreola (Linnaeus, 1761)",5219007,Mustela lutreola,CR
1994,44.0674,0.24366,5000.0,,,"Mustela lutreola (Linnaeus, 1761)",5219007,Mustela lutreola,CR
1983,43.88556,-1.28689,5000.0,,,"Mustela lutreola (Linnaeus, 1761)",5219007,Mustela lutreola,CR
1995,45.09435,-0.3229,5000.0,,,"Mustela lutreola (Linnaeus, 1761)",5219007,Mustela lutreola,CR
2001,45.79315,-0.8378,5000.0,,,"Mustela lutreola (Linnaeus, 1761)",5219007,Mustela lutreola,CR
2001,45.45876,-1.05491,5000.0,,,"Mustela lutreola (Linnaeus, 1761)",5219007,Mustela lutreola,CR
1984,44.44596,-0.77937,5000.0,,,"Mustela lutreola (Linnaeus, 1761)",5219007,Mustela lutreola,CR
2003,45.37361,0.56773,5000.0,,,"Mustela lutreola (Linnaeus, 1761)",5219007,Mustela lutreola,CR
1984,45.2479,-0.64257,5000.0,,,"Mustela lutreola (Linnaeus, 1761)",5219007,Mustela lutreola,CR
2001,44.96293,-0.42727,5000.0,,,"Mustela lutreola (Linnaeus, 1761)",5219007,Mustela lutreola,CR
1993,44.32449,0.22657,5000.0,,,"Mustela lutreola (Linnaeus, 1761)",5219007,Mustela lutreola,CR
1999,44.43272,-0.02463,5000.0,,,"Mustela lutreola (Linnaeus, 1761)",5219007,Mustela lutreola,CR
1990,45.73044,-0.3733,5000.0,,,"Mustela lutreola (Linnaeus, 1761)",5219007,Mustela lutreola,CR
2017,53.578841,-1.117928,707.1,,,"Mustela lutreola (Linnaeus, 1761)",5219007,Mustela lutreola,CR
2010,53.578729,-1.102826,707.1,,,"Mustela lutreola (Linnaeus, 1761)",5219007,Mustela lutreola,CR
2017,53.578841,-1.117928,707.1,,,"Mustela lutreola (Linnaeus, 1761)",5219007,Mustela lutreola,CR
2017,53.578841,-1.117928,707.1,,,"Mustela lutreola (Linnaeus, 1761)",5219007,Mustela lutreola,CR
2013,53.579241,-1.111123,70.7,,,"Mustela lutreola (Linnaeus, 1761)",5219007,Mustela lutreola,CR
2015,53.579241,-1.111123,70.7,,,"Mustela lutreola (Linnaeus, 1761)",5219007,Mustela lutreola,CR
2018,53.578342,-1.111141,70.7,,,"Mustela lutreola (Linnaeus, 1761)",5219007,Mustela lutreola,CR
2015,53.579241,-1.111123,70.7,,,"Mustela lutreola (Linnaeus, 1761)",5219007,Mustela lutreola,CR
2013,53.581027,-1.109575,70.7,,,"Mustela lutreola (Linnaeus, 1761)",5219007,Mustela lutreola,CR
2010,53.578841,-1.117928,707.1,,,"Mustela lutreola (Linnaeus, 1761)",5219007,Mustela lutreola,CR
2013,53.579241,-1.111123,70.7,,,"Mustela lutreola (Linnaeus, 1761)",5219007,Mustela lutreola,CR
2017,53.578841,-1.117928,707.1,,,"Mustela lutreola (Linnaeus, 1761)",5219007,Mustela lutreola,CR
2013,53.578342,-1.111141,70.7,,,"Mustela lutreola (Linnaeus, 1761)",5219007,Mustela lutreola,CR
2015,53.579241,-1.111123,70.7,,,"Mustela lutreola (Linnaeus, 1761)",5219007,Mustela lutreola,CR
2014,53.578729,-1.102826,707.1,,,"Mustela lutreola (Linnaeus, 1761)",5219007,Mustela lutreola,CR
2015,53.579241,-1.111123,70.7,,,"Mustela lutreola (Linnaeus, 1761)",5219007,Mustela lutreola,CR
2017,53.578841,-1.117928,707.1,,,"Mustela lutreola (Linnaeus, 1761)",5219007,Mustela lutreola,CR
1984,45.22374,-0.61016,5000.0,,,"Mustela lutreola (Linnaeus, 1761)",5219007,Mustela lutreola,CR
2009,44.76288,-0.5289,5000.0,,,"Mustela lutreola (Linnaeus, 1761)",5219007,Mustela lutreola,CR
2008,45.06252,-0.72538,5000.0,,,"Mustela lutreola (Linnaeus, 1761)",5219007,Mustela lutreola,CR
2010,44.8943,-0.68699,5000.0,,,"Mustela lutreola (Linnaeus, 1761)",5219007,Mustela lutreola,CR
1997,44.97542,-0.50005,5000.0,,,"Mustela lutreola (Linnaeus, 1761)",5219007,Mustela lutreola,CR
1993,44.79542,-0.4601,5000.0,,,"Mustela lutreola (Linnaeus, 1761)",5219007,Mustela lutreola,CR
1981,44.65054,-1.02351,5000.0,,,"Mustela lutreola (Linnaeus, 1761)",5219007,Mustela lutreola,CR
2004,45.31753,-0.53406,5000.0,,,"Mustela lutreola (Linnaeus, 1761)",5219007,Mustela lutreola,CR
1984,44.40669,-1.1815,5000.0,,,"Mustela lutreola (Linnaeus, 1761)",5219007,Mustela lutreola,CR
1999,45.40674,0.26367,5000.0,,,"Mustela lutreola (Linnaeus, 1761)",5219007,Mustela lutreola,CR
1991,44.90157,-0.59714,5000.0,,,"Mustela lutreola (Linnaeus, 1761)",5219007,Mustela lutreola,CR
1982,45.13778,-0.77949,5000.0,,,"Mustela lutreola (Linnaeus, 1761)",5219007,Mustela lutreola,CR
1995,44.95532,-0.25013,5000.0,,,"Mustela lutreola (Linnaeus, 1761)",5219007,Mustela lutreola,CR
1982,45.16118,0.25937,5000.0,,,"Mustela lutreola (Linnaeus, 1761)",5219007,Mustela lutreola,CR
1989,45.6597,-0.20643,5000.0,,,"Mustela lutreola (Linnaeus, 1761)",5219007,Mustela lutreola,CR
1990,47.85324,-4.03988,5000.0,,,"Mustela lutreola (Linnaeus, 1761)",5219007,Mustela lutreola,CR
1987,43.36033,-0.52825,5000.0,,,"Mustela lutreola (Linnaeus, 1761)",5219007,Mustela lutreola,CR
1997,44.72235,-0.49376,5000.0,,,"Mustela lutreola (Linnaeus, 1761)",5219007,Mustela lutreola,CR
1997,44.96786,-0.51507,5000.0,,,"Mustela lutreola (Linnaeus, 1761)",5219007,Mustela lutreola,CR
1982,46.77773,1.20247,5000.0,,,"Mustela lutreola (Linnaeus, 1761)",5219007,Mustela lutreola,CR
2004,43.71495,-1.11214,5000.0,,,"Mustela lutreola (Linnaeus, 1761)",5219007,Mustela lutreola,CR
2003,43.43321,-1.4996,5000.0,,,"Mustela lutreola (Linnaeus, 1761)",5219007,Mustela lutreola,CR
1993,44.37995,0.27917,5000.0,,,"Mustela lutreola (Linnaeus, 1761)",5219007,Mustela lutreola,CR
2002,45.44531,0.48078,5000.0,,,"Mustela lutreola (Linnaeus, 1761)",5219007,Mustela lutreola,CR
1984,45.13812,-0.79,5000.0,,,"Mustela lutreola (Linnaeus, 1761)",5219007,Mustela lutreola,CR
1997,43.59716,-1.38695,5000.0,,,"Mustela lutreola (Linnaeus, 1761)",5219007,Mustela lutreola,CR
2010,45.79267,-0.37078,5000.0,,,"Mustela lutreola (Linnaeus, 1761)",5219007,Mustela lutreola,CR
1997,44.66244,-0.58144,5000.0,,,"Mustela lutreola (Linnaeus, 1761)",5219007,Mustela lutreola,CR
2013,48.418301,44.550363,26679.0,,,"Mustela lutreola (Linnaeus, 1761)",5219007,Mustela lutreola,CR
2014,48.47355,44.531461,26679.0,,,"Mustela lutreola (Linnaeus, 1761)",5219007,Mustela lutreola,CR
2015,48.231147,24.628816,,,,"Mustela lutreola (Linnaeus, 1761)",5219007,Mustela lutreola,CR
2010,48.977069,23.245552,,,,"Mustela lutreola (Linnaeus, 1761)",5219007,Mustela lutreola,CR
2016,48.229203,24.621434,,,,"Mustela lutreola (Linnaeus, 1761)",5219007,Mustela lutreola,CR
2015,48.249554,24.617658,,,,"Mustela lutreola (Linnaeus, 1761)",5219007,Mustela lutreola,CR
2015,48.201465,24.58427,,,,"Mustela lutreola (Linnaeus, 1761)",5219007,Mustela lutreola,CR
2015,48.184519,24.33032,,,,"Mustela lutreola (Linnaeus, 1761)",5219007,Mustela lutreola,CR
2015,48.187724,24.305257,,,,"Mustela lutreola (Linnaeus, 1761)",5219007,Mustela lutreola,CR
2013,48.187724,24.305257,,,,"Mustela lutreola (Linnaeus, 1761)",5219007,Mustela lutreola,CR
2013,48.17811,24.388684,,,,"Mustela lutreola (Linnaeus, 1761)",5219007,Mustela lutreola,CR
2012,48.184519,24.33032,,,,"Mustela lutreola (Linnaeus, 1761)",5219007,Mustela lutreola,CR
2016,48.187724,24.305257,,,,"Mustela lutreola (Linnaeus, 1761)",5219007,Mustela lutreola,CR
2015,48.187724,24.305257,,,,"Mustela lutreola (Linnaeus, 1761)",5219007,Mustela lutreola,CR
2013,48.187724,24.305257,,,,"Mustela lutreola (Linnaeus, 1761)",5219007,Mustela lutreola,CR
2009,48.122005,24.423017,,,,"Mustela lutreola (Linnaeus, 1761)",5219007,Mustela lutreola,CR
2012,48.148569,24.419584,,,,"Mustela lutreola (Linnaeus, 1761)",5219007,Mustela lutreola,CR
2015,48.239656,23.672857,,,,"Mustela lutreola (Linnaeus, 1761)",5219007,Mustela lutreola,CR
2015,48.184519,24.33032,,,,"Mustela lutreola (Linnaeus, 1761)",5219007,Mustela lutreola,CR
2016,48.183833,24.362935,,,,"Mustela lutreola (Linnaeus, 1761)",5219007,Mustela lutreola,CR
2015,48.184519,24.33032,,,,"Mustela lutreola (Linnaeus, 1761)",5219007,Mustela lutreola,CR
2016,48.184519,24.33032,,,,"Mustela lutreola (Linnaeus, 1761)",5219007,Mustela lutreola,CR
2016,48.181722,24.347829,,,,"Mustela lutreola (Linnaeus, 1761)",5219007,Mustela lutreola,CR
2015,48.184519,24.33032,,,,"Mustela lutreola (Linnaeus, 1761)",5219007,Mustela lutreola,CR
2015,48.184519,24.33032,,,,"Mustela lutreola (Linnaeus, 1761)",5219007,Mustela lutreola,CR
2015,48.181722,24.347829,,,,"Mustela lutreola (Linnaeus, 1761)",5219007,Mustela lutreola,CR
2013,48.097232,24.465932,,,,"Mustela lutreola (Linnaeus, 1761)",5219007,Mustela lutreola,CR
2013,48.090468,24.498548,,,,"Mustela lutreola (Linnaeus, 1761)",5219007,Mustela lutreola,CR
2010,48.090468,24.498548,,,,"Mustela lutreola (Linnaeus, 1761)",5219007,Mustela lutreola,CR
2011,48.148569,24.419584,,,,"Mustela lutreola (Linnaeus, 1761)",5219007,Mustela lutreola,CR
2013,48.090468,24.498548,,,,"Mustela lutreola (Linnaeus, 1761)",5219007,Mustela lutreola,CR
2013,48.090468,24.498548,,,,"Mustela lutreola (Linnaeus, 1761)",5219007,Mustela lutreola,CR
2011,48.090468,24.498548,,,,"Mustela lutreola (Linnaeus, 1761)",5219007,Mustela lutreola,CR
2010,48.090468,24.498548,,,,"Mustela lutreola (Linnaeus, 1761)",5219007,Mustela lutreola,CR
2011,48.090468,24.498548,,,,"Mustela lutreola (Linnaeus, 1761)",5219007,Mustela lutreola,CR
2009,48.090468,24.498548,,,,"Mustela lutreola (Linnaeus, 1761)",5219007,Mustela lutreola,CR
2009,48.0275,24.630556,,,,"Mustela lutreola (Linnaeus, 1761)",5219007,Mustela lutreola,CR
2013,48.0275,24.630556,,,,"Mustela lutreola (Linnaeus, 1761)",5219007,Mustela lutreola,CR
2013,48.0275,24.630556,,,,"Mustela lutreola (Linnaeus, 1761)",5219007,Mustela lutreola,CR
2012,48.0275,24.630556,,,,"Mustela lutreola (Linnaeus, 1761)",5219007,Mustela lutreola,CR
2009,48.0275,24.630556,,,,"Mustela lutreola (Linnaeus, 1761)",5219007,Mustela lutreola,CR
2010,48.0275,24.630556,,,,"Mustela lutreola (Linnaeus, 1761)",5219007,Mustela lutreola,CR
2010,48.0275,24.630556,,,,"Mustela lutreola (Linnaeus, 1761)",5219007,Mustela lutreola,CR
2009,48.0275,24.630556,,,,"Mustela lutreola (Linnaeus, 1761)",5219007,Mustela lutreola,CR
2012,48.0275,24.630556,,,,"Mustela lutreola (Linnaeus, 1761)",5219007,Mustela lutreola,CR
2011,48.0275,24.630556,,,,"Mustela lutreola (Linnaeus, 1761)",5219007,Mustela lutreola,CR
2011,48.0275,24.630556,,,,"Mustela lutreola (Linnaeus, 1761)",5219007,Mustela lutreola,CR
2012,48.031111,24.676667,,,,"Mustela lutreola (Linnaeus, 1761)",5219007,Mustela lutreola,CR
2010,48.0275,24.630556,,,,"Mustela lutreola (Linnaeus, 1761)",5219007,Mustela lutreola,CR
2011,48.031111,24.676667,,,,"Mustela lutreola (Linnaeus, 1761)",5219007,Mustela lutreola,CR
2012,48.031111,24.676667,,,,"Mustela lutreola (Linnaeus, 1761)",5219007,Mustela lutreola,CR
2010,48.031111,24.676667,,,,"Mustela lutreola (Linnaeus, 1761)",5219007,Mustela lutreola,CR
2012,48.031111,24.676667,,,,"Mustela lutreola (Linnaeus, 1761)",5219007,Mustela lutreola,CR
2010,48.031111,24.676667,,,,"Mustela lutreola (Linnaeus, 1761)",5219007,Mustela lutreola,CR
2011,48.031111,24.676667,,,,"Mustela lutreola (Linnaeus, 1761)",5219007,Mustela lutreola,CR
2012,48.031111,24.676667,,,,"Mustela lutreola (Linnaeus, 1761)",5219007,Mustela lutreola,CR
2010,48.031111,24.676667,,,,"Mustela lutreola (Linnaeus, 1761)",5219007,Mustela lutreola,CR
2012,48.031111,24.676667,,,,"Mustela lutreola (Linnaeus, 1761)",5219007,Mustela lutreola,CR
2011,48.031111,24.676667,,,,"Mustela lutreola (Linnaeus, 1761)",5219007,Mustela lutreola,CR
2009,48.0275,24.630556,,,,"Mustela lutreola (Linnaeus, 1761)",5219007,Mustela lutreola,CR
2011,48.100556,24.641111,,,,"Mustela lutreola (Linnaeus, 1761)",5219007,Mustela lutreola,CR
2011,48.100556,24.641111,,,,"Mustela lutreola (Linnaeus, 1761)",5219007,Mustela lutreola,CR
2011,48.100556,24.641111,,,,"Mustela lutreola (Linnaeus, 1761)",5219007,Mustela lutreola,CR
2011,48.100556,24.641111,,,,"Mustela lutreola (Linnaeus, 1761)",5219007,Mustela lutreola,CR
2010,48.100556,24.641111,,,,"Mustela lutreola (Linnaeus, 1761)",5219007,Mustela lutreola,CR
2012,48.031111,24.676667,,,,"Mustela lutreola (Linnaeus, 1761)",5219007,Mustela lutreola,CR
2013,48.031111,24.676667,,,,"Mustela lutreola (Linnaeus, 1761)",5219007,Mustela lutreola,CR
2010,48.100556,24.641111,,,,"Mustela lutreola (Linnaeus, 1761)",5219007,Mustela lutreola,CR
2012,48.031111,24.676667,,,,"Mustela lutreola (Linnaeus, 1761)",5219007,Mustela lutreola,CR
2011,48.100556,24.641111,,,,"Mustela lutreola (Linnaeus, 1761)",5219007,Mustela lutreola,CR
2011,48.100556,24.641111,,,,"Mustela lutreola (Linnaeus, 1761)",5219007,Mustela lutreola,CR
2013,48.100556,24.641111,,,,"Mustela lutreola (Linnaeus, 1761)",5219007,Mustela lutreola,CR
2012,48.158611,24.543611,,,,"Mustela lutreola (Linnaeus, 1761)",5219007,Mustela lutreola,CR
2013,48.100556,24.641111,,,,"Mustela lutreola (Linnaeus, 1761)",5219007,Mustela lutreola,CR
2012,48.460833,24.537222,,,,"Mustela lutreola (Linnaeus, 1761)",5219007,Mustela lutreola,CR
2013,48.100556,24.641111,,,,"Mustela lutreola (Linnaeus, 1761)",5219007,Mustela lutreola,CR
2013,48.100556,24.641111,,,,"Mustela lutreola (Linnaeus, 1761)",5219007,Mustela lutreola,CR
2012,48.100556,24.641111,,,,"Mustela lutreola (Linnaeus, 1761)",5219007,Mustela lutreola,CR
2013,48.100556,24.641111,,,,"Mustela lutreola (Linnaeus, 1761)",5219007,Mustela lutreola,CR
2013,48.100556,24.641111,,,,"Mustela lutreola (Linnaeus, 1761)",5219007,Mustela lutreola,CR
2002,50.901,25.911,,,,"Mustela lutreola (Linnaeus, 1761)",5219007,Mustela lutreola,CR
2005,51.522,25.515,,,,"Mustela lutreola (Linnaeus, 1761)",5219007,Mustela lutreola,CR
2003,51.397,26.842,,,,"Mustela lutreola (Linnaeus, 1761)",5219007,Mustela lutreola,CR
2003,51.664,27.093,,,,"Mustela lutreola (Linnaeus, 1761)",5219007,Mustela lutreola,CR
2008,51.886,25.59,,,,"Mustela lutreola (Linnaeus, 1761)",5219007,Mustela lutreola,CR
2003,51.82,31.14,,,,"Mustela lutreola (Linnaeus, 1761)",5219007,Mustela lutreola,CR
1998,52.36,33.823,,,,"Mustela lutreola (Linnaeus, 1761)",5219007,Mustela lutreola,CR
2016,46.51937,29.944622,,,,"Mustela lutreola (Linnaeus, 1761)",5219007,Mustela lutreola,CR
2016,46.451523,30.069335,,,,"Mustela lutreola (Linnaeus, 1761)",5219007,Mustela lutreola,CR
2016,46.452588,30.180202,,,,"Mustela lutreola (Linnaeus, 1761)",5219007,Mustela lutreola,CR
2016,46.546583,29.978736,,,,"Mustela lutreola (Linnaeus, 1761)",5219007,Mustela lutreola,CR
2015,48.171061,24.919045,,,,"Mustela lutreola (Linnaeus, 1761)",5219007,Mustela lutreola,CR
2005,51.043817,34.913207,,,,"Mustela lutreola (Linnaeus, 1761)",5219007,Mustela lutreola,CR
2003,46.5316,31.71963,,,,"Mustela lutreola (Linnaeus, 1761)",5219007,Mustela lutreola,CR
1997,46.51179,31.88333,,,,"Mustela lutreola (Linnaeus, 1761)",5219007,Mustela lutreola,CR
2014,49.50576,32.654576,,,,"Mustela lutreola (Linnaeus, 1761)",5219007,Mustela lutreola,CR
2020,42.961982,-2.72603,27568.0,,,"Mustela lutreola (Linnaeus, 1761)",5219007,Mustela lutreola,CR
2010,53.359949,-2.677622,7071.1,,,"Mustela lutreola (Linnaeus, 1761)",5219007,Mustela lutreola,CR
2010,53.359949,-2.677622,7071.1,,,"Mustela lutreola (Linnaeus, 1761)",5219007,Mustela lutreola,CR
2010,53.359949,-2.677622,7071.1,,,"Mustela lutreola (Linnaeus, 1761)",5219007,Mustela lutreola,CR
2010,53.359949,-2.677622,7071.1,,,"Mustela lutreola (Linnaeus, 1761)",5219007,Mustela lutreola,CR
2010,53.359949,-2.677622,7071.1,,,"Mustela lutreola (Linnaeus, 1761)",5219007,Mustela lutreola,CR
2010,53.359949,-2.677622,7071.1,,,"Mustela lutreola (Linnaeus, 1761)",5219007,Mustela lutreola,CR
2009,54.929878,-1.728442,707.1,,,"Mustela lutreola (Linnaeus, 1761)",5219007,Mustela lutreola,CR
2001,66.28,-16.47,1113.0,0.01,,"Mustela lutreola (Linnaeus, 1761)",5219007,Mustela lutreola,CR
2001,66.28,-16.47,1113.0,0.01,,"Mustela lutreola (Linnaeus, 1761)",5219007,Mustela lutreola,CR
2001,66.28,-16.47,1113.0,0.01,,"Mustela lutreola (Linnaeus, 1761)",5219007,Mustela lutreola,CR
2002,64.8,-18.5,11132.0,0.1,,"Mustela lutreola (Linnaeus, 1761)",5219007,Mustela lutreola,CR
2001,64.8,-18.5,11132.0,0.1,,"Mustela lutreola (Linnaeus, 1761)",5219007,Mustela lutreola,CR
2002,64.8,-18.5,11132.0,0.1,,"Mustela lutreola (Linnaeus, 1761)",5219007,Mustela lutreola,CR
2013,45.31525,-0.63859,5000.0,,,"Mustela lutreola (Linnaeus, 1761)",5219007,Mustela lutreola,CR
2013,44.87722,-0.22994,5000.0,,,"Mustela lutreola (Linnaeus, 1761)",5219007,Mustela lutreola,CR
2013,45.2253,-0.63272,5000.0,,,"Mustela lutreola (Linnaeus, 1761)",5219007,Mustela lutreola,CR
2013,45.84628,-0.93163,5000.0,,,"Mustela lutreola (Linnaeus, 1761)",5219007,Mustela lutreola,CR
2014,45.85069,-0.80293,5000.0,,,"Mustela lutreola (Linnaeus, 1761)",5219007,Mustela lutreola,CR
2016,46.02159,-1.0736,5000.0,,,"Mustela lutreola (Linnaeus, 1761)",5219007,Mustela lutreola,CR
2015,45.85495,-0.6742,5000.0,,,"Mustela lutreola (Linnaeus, 1761)",5219007,Mustela lutreola,CR
2013,46.12894,-0.5629,5000.0,,,"Mustela lutreola (Linnaeus, 1761)",5219007,Mustela lutreola,CR
2013,45.9449,-0.68021,5000.0,,,"Mustela lutreola (Linnaeus, 1761)",5219007,Mustela lutreola,CR
2009,45.2253,-0.63272,5000.0,,,"Mustela lutreola (Linnaeus, 1761)",5219007,Mustela lutreola,CR
2011,45.2253,-0.63272,5000.0,,,"Mustela lutreola (Linnaeus, 1761)",5219007,Mustela lutreola,CR
2012,45.2253,-0.63272,5000.0,,,"Mustela lutreola (Linnaeus, 1761)",5219007,Mustela lutreola,CR
2009,45.2253,-0.63272,5000.0,,,"Mustela lutreola (Linnaeus, 1761)",5219007,Mustela lutreola,CR
2009,44.42374,-0.32977,5000.0,,,"Mustela lutreola (Linnaeus, 1761)",5219007,Mustela lutreola,CR
2010,45.2253,-0.63272,5000.0,,,"Mustela lutreola (Linnaeus, 1761)",5219007,Mustela lutreola,CR
2007,44.24758,-0.1941,5000.0,,,"Mustela lutreola (Linnaeus, 1761)",5219007,Mustela lutreola,CR
2012,45.31525,-0.63859,5000.0,,,"Mustela lutreola (Linnaeus, 1761)",5219007,Mustela lutreola,CR
2010,45.2253,-0.63272,5000.0,,,"Mustela lutreola (Linnaeus, 1761)",5219007,Mustela lutreola,CR
2001,43.86801,-0.79542,5000.0,,,"Mustela lutreola (Linnaeus, 1761)",5219007,Mustela lutreola,CR
1998,44.51741,-0.20936,5000.0,,,"Mustela lutreola (Linnaeus, 1761)",5219007,Mustela lutreola,CR
1994,44.08109,0.31502,5000.0,,,"Mustela lutreola (Linnaeus, 1761)",5219007,Mustela lutreola,CR
1999,44.34452,0.0515,5000.0,,,"Mustela lutreola (Linnaeus, 1761)",5219007,Mustela lutreola,CR
1992,44.3338,-0.32448,5000.0,,,"Mustela lutreola (Linnaeus, 1761)",5219007,Mustela lutreola,CR
1998,43.5751,-1.39566,5000.0,,,"Mustela lutreola (Linnaeus, 1761)",5219007,Mustela lutreola,CR
1993,43.9579,-0.80141,5000.0,,,"Mustela lutreola (Linnaeus, 1761)",5219007,Mustela lutreola,CR
1999,44.51368,-0.33507,5000.0,,,"Mustela lutreola (Linnaeus, 1761)",5219007,Mustela lutreola,CR
1998,44.3338,-0.32448,5000.0,,,"Mustela lutreola (Linnaeus, 1761)",5219007,Mustela lutreola,CR
1998,44.41987,-0.45526,5000.0,,,"Mustela lutreola (Linnaeus, 1761)",5219007,Mustela lutreola,CR
2010,44.41987,-0.45526,5000.0,,,"Mustela lutreola (Linnaeus, 1761)",5219007,Mustela lutreola,CR
2002,43.39038,-1.5051,5000.0,,,"Mustela lutreola (Linnaeus, 1761)",5219007,Mustela lutreola,CR
1998,44.5098,-0.46076,5000.0,,,"Mustela lutreola (Linnaeus, 1761)",5219007,Mustela lutreola,CR
1999,44.43104,-0.07873,5000.0,,,"Mustela lutreola (Linnaeus, 1761)",5219007,Mustela lutreola,CR
1997,43.77374,-0.9135,5000.0,,,"Mustela lutreola (Linnaeus, 1761)",5219007,Mustela lutreola,CR
1996,44.06017,-0.43342,5000.0,,,"Mustela lutreola (Linnaeus, 1761)",5219007,Mustela lutreola,CR
2001,44.41987,-0.45526,5000.0,,,"Mustela lutreola (Linnaeus, 1761)",5219007,Mustela lutreola,CR
2002,44.41987,-0.45526,5000.0,,,"Mustela lutreola (Linnaeus, 1761)",5219007,Mustela lutreola,CR
2002,43.38518,-1.62824,5000.0,,,"Mustela lutreola (Linnaeus, 1761)",5219007,Mustela lutreola,CR
1998,44.41987,-0.45526,5000.0,,,"Mustela lutreola (Linnaeus, 1761)",5219007,Mustela lutreola,CR
1998,44.41987,-0.45526,5000.0,,,"Mustela lutreola (Linnaeus, 1761)",5219007,Mustela lutreola,CR
2002,44.5098,-0.46076,5000.0,,,"Mustela lutreola (Linnaeus, 1761)",5219007,Mustela lutreola,CR
1998,44.41987,-0.45526,5000.0,,,"Mustela lutreola (Linnaeus, 1761)",5219007,Mustela lutreola,CR
1999,44.42374,-0.32977,5000.0,,,"Mustela lutreola (Linnaeus, 1761)",5219007,Mustela lutreola,CR
2003,43.88417,-0.29829,5000.0,,,"Mustela lutreola (Linnaeus, 1761)",5219007,Mustela lutreola,CR
1993,44.43104,-0.07873,5000.0,,,"Mustela lutreola (Linnaeus, 1761)",5219007,Mustela lutreola,CR
1997,44.5098,-0.46076,5000.0,,,"Mustela lutreola (Linnaeus, 1761)",5219007,Mustela lutreola,CR
2001,43.67468,-1.155,5000.0,,,"Mustela lutreola (Linnaeus, 1761)",5219007,Mustela lutreola,CR
1998,44.51368,-0.33507,5000.0,,,"Mustela lutreola (Linnaeus, 1761)",5219007,Mustela lutreola,CR
1998,44.41987,-0.45526,5000.0,,,"Mustela lutreola (Linnaeus, 1761)",5219007,Mustela lutreola,CR
1998,44.5098,-0.46076,5000.0,,,"Mustela lutreola (Linnaeus, 1761)",5219007,Mustela lutreola,CR
2004,43.38518,-1.62824,5000.0,,,"Mustela lutreola (Linnaeus, 1761)",5219007,Mustela lutreola,CR
1997,44.33752,-0.19917,5000.0,,,"Mustela lutreola (Linnaeus, 1761)",5219007,Mustela lutreola,CR
1997,43.5751,-1.39566,5000.0,,,"Mustela lutreola (Linnaeus, 1761)",5219007,Mustela lutreola,CR
1997,44.5098,-0.46076,5000.0,,,"Mustela lutreola (Linnaeus, 1761)",5219007,Mustela lutreola,CR
1997,43.77374,-0.9135,5000.0,,,"Mustela lutreola (Linnaeus, 1761)",5219007,Mustela lutreola,CR
2005,43.30056,-1.49807,5000.0,,,"Mustela lutreola (Linnaeus, 1761)",5219007,Mustela lutreola,CR
2008,44.24758,-0.1941,5000.0,,,"Mustela lutreola (Linnaeus, 1761)",5219007,Mustela lutreola,CR
1992,44.25115,-0.06897,5000.0,,,"Mustela lutreola (Linnaeus, 1761)",5219007,Mustela lutreola,CR
1996,43.5751,-1.39566,5000.0,,,"Mustela lutreola (Linnaeus, 1761)",5219007,Mustela lutreola,CR
1992,44.25115,-0.06897,5000.0,,,"Mustela lutreola (Linnaeus, 1761)",5219007,Mustela lutreola,CR
1993,43.48526,-1.38878,5000.0,,,"Mustela lutreola (Linnaeus, 1761)",5219007,Mustela lutreola,CR
1992,43.48019,-1.51214,5000.0,,,"Mustela lutreola (Linnaeus, 1761)",5219007,Mustela lutreola,CR
2000,44.41987,-0.45526,5000.0,,,"Mustela lutreola (Linnaeus, 1761)",5219007,Mustela lutreola,CR
1993,43.48526,-1.38878,5000.0,,,"Mustela lutreola (Linnaeus, 1761)",5219007,Mustela lutreola,CR
2003,43.39038,-1.5051,5000.0,,,"Mustela lutreola (Linnaeus, 1761)",5219007,Mustela lutreola,CR
1999,44.42374,-0.32977,5000.0,,,"Mustela lutreola (Linnaeus, 1761)",5219007,Mustela lutreola,CR
1993,43.66988,-1.27878,5000.0,,,"Mustela lutreola (Linnaeus, 1761)",5219007,Mustela lutreola,CR
2003,43.5751,-1.39566,5000.0,,,"Mustela lutreola (Linnaeus, 1761)",5219007,Mustela lutreola,CR
2002,43.5751,-1.39566,5000.0,,,"Mustela lutreola (Linnaeus, 1761)",5219007,Mustela lutreola,CR
2004,44.77559,-0.60365,5000.0,,,"Mustela lutreola (Linnaeus, 1761)",5219007,Mustela lutreola,CR
1997,44.41987,-0.45526,5000.0,,,"Mustela lutreola (Linnaeus, 1761)",5219007,Mustela lutreola,CR
2003,43.38518,-1.62824,5000.0,,,"Mustela lutreola (Linnaeus, 1761)",5219007,Mustela lutreola,CR
2006,43.5751,-1.39566,5000.0,,,"Mustela lutreola (Linnaeus, 1761)",5219007,Mustela lutreola,CR
1992,43.5751,-1.39566,5000.0,,,"Mustela lutreola (Linnaeus, 1761)",5219007,Mustela lutreola,CR
2004,43.5751,-1.39566,5000.0,,,"Mustela lutreola (Linnaeus, 1761)",5219007,Mustela lutreola,CR
1999,44.51368,-0.33507,5000.0,,,"Mustela lutreola (Linnaeus, 1761)",5219007,Mustela lutreola,CR
1998,43.5751,-1.39566,5000.0,,,"Mustela lutreola (Linnaeus, 1761)",5219007,Mustela lutreola,CR
1998,44.51368,-0.33507,5000.0,,,"Mustela lutreola (Linnaeus, 1761)",5219007,Mustela lutreola,CR
1998,44.5098,-0.46076,5000.0,,,"Mustela lutreola (Linnaeus, 1761)",5219007,Mustela lutreola,CR
2004,43.38518,-1.62824,5000.0,,,"Mustela lutreola (Linnaeus, 1761)",5219007,Mustela lutreola,CR
1994,44.36455,0.92927,5000.0,,,"Mustela lutreola (Linnaeus, 1761)",5219007,Mustela lutreola,CR
1992,43.5751,-1.39566,5000.0,,,"Mustela lutreola (Linnaeus, 1761)",5219007,Mustela lutreola,CR
1992,43.48019,-1.51214,5000.0,,,"Mustela lutreola (Linnaeus, 1761)",5219007,Mustela lutreola,CR
1993,43.48526,-1.38878,5000.0,,,"Mustela lutreola (Linnaeus, 1761)",5219007,Mustela lutreola,CR
1999,44.51368,-0.33507,5000.0,,,"Mustela lutreola (Linnaeus, 1761)",5219007,Mustela lutreola,CR
1992,43.48526,-1.38878,5000.0,,,"Mustela lutreola (Linnaeus, 1761)",5219007,Mustela lutreola,CR
1999,44.41987,-0.45526,5000.0,,,"Mustela lutreola (Linnaeus, 1761)",5219007,Mustela lutreola,CR
1998,44.42374,-0.32977,5000.0,,,"Mustela lutreola (Linnaeus, 1761)",5219007,Mustela lutreola,CR
2002,43.38518,-1.62824,5000.0,,,"Mustela lutreola (Linnaeus, 1761)",5219007,Mustela lutreola,CR
2003,44.42746,-0.20426,5000.0,,,"Mustela lutreola (Linnaeus, 1761)",5219007,Mustela lutreola,CR
1997,44.33752,-0.19917,5000.0,,,"Mustela lutreola (Linnaeus, 1761)",5219007,Mustela lutreola,CR
2001,43.49019,-1.2654,5000.0,,,"Mustela lutreola (Linnaeus, 1761)",5219007,Mustela lutreola,CR
2001,43.66493,-1.40255,5000.0,,,"Mustela lutreola (Linnaeus, 1761)",5219007,Mustela lutreola,CR
1993,43.13088,-1.23888,5000.0,,,"Mustela lutreola (Linnaeus, 1761)",5219007,Mustela lutreola,CR
1994,43.67934,-1.03119,5000.0,,,"Mustela lutreola (Linnaeus, 1761)",5219007,Mustela lutreola,CR
1993,44.26399,0.43169,5000.0,,,"Mustela lutreola (Linnaeus, 1761)",5219007,Mustela lutreola,CR
2001,44.41987,-0.45526,5000.0,,,"Mustela lutreola (Linnaeus, 1761)",5219007,Mustela lutreola,CR
1986,43.38518,-1.62824,5000.0,,,"Mustela lutreola (Linnaeus, 1761)",5219007,Mustela lutreola,CR
1996,43.5751,-1.39566,5000.0,,,"Mustela lutreola (Linnaeus, 1761)",5219007,Mustela lutreola,CR
1996,43.5751,-1.39566,5000.0,,,"Mustela lutreola (Linnaeus, 1761)",5219007,Mustela lutreola,CR
2003,43.5751,-1.39566,5000.0,,,"Mustela lutreola (Linnaeus, 1761)",5219007,Mustela lutreola,CR
1987,43.58483,-1.14849,5000.0,,,"Mustela lutreola (Linnaeus, 1761)",5219007,Mustela lutreola,CR
2002,43.39038,-1.5051,5000.0,,,"Mustela lutreola (Linnaeus, 1761)",5219007,Mustela lutreola,CR
1992,43.5751,-1.39566,5000.0,,,"Mustela lutreola (Linnaeus, 1761)",5219007,Mustela lutreola,CR
1998,44.42374,-0.32977,5000.0,,,"Mustela lutreola (Linnaeus, 1761)",5219007,Mustela lutreola,CR
2003,43.48526,-1.38878,5000.0,,,"Mustela lutreola (Linnaeus, 1761)",5219007,Mustela lutreola,CR
1997,44.33752,-0.19917,5000.0,,,"Mustela lutreola (Linnaeus, 1761)",5219007,Mustela lutreola,CR
1998,44.33752,-0.19917,5000.0,,,"Mustela lutreola (Linnaeus, 1761)",5219007,Mustela lutreola,CR
1999,44.51368,-0.33507,5000.0,,,"Mustela lutreola (Linnaeus, 1761)",5219007,Mustela lutreola,CR
1999,44.41987,-0.45526,5000.0,,,"Mustela lutreola (Linnaeus, 1761)",5219007,Mustela lutreola,CR
2004,43.39038,-1.5051,5000.0,,,"Mustela lutreola (Linnaeus, 1761)",5219007,Mustela lutreola,CR
1999,44.5098,-0.46076,5000.0,,,"Mustela lutreola (Linnaeus, 1761)",5219007,Mustela lutreola,CR
2001,43.67468,-1.155,5000.0,,,"Mustela lutreola (Linnaeus, 1761)",5219007,Mustela lutreola,CR
1996,43.5751,-1.39566,5000.0,,,"Mustela lutreola (Linnaeus, 1761)",5219007,Mustela lutreola,CR
1992,44.25115,-0.06897,5000.0,,,"Mustela lutreola (Linnaeus, 1761)",5219007,Mustela lutreola,CR
1995,43.22547,-1.12265,5000.0,,,"Mustela lutreola (Linnaeus, 1761)",5219007,Mustela lutreola,CR
1997,43.5751,-1.39566,5000.0,,,"Mustela lutreola (Linnaeus, 1761)",5219007,Mustela lutreola,CR
1998,44.41987,-0.45526,5000.0,,,"Mustela lutreola (Linnaeus, 1761)",5219007,Mustela lutreola,CR
1998,44.42374,-0.32977,5000.0,,,"Mustela lutreola (Linnaeus, 1761)",5219007,Mustela lutreola,CR
1993,43.49019,-1.2654,5000.0,,,"Mustela lutreola (Linnaeus, 1761)",5219007,Mustela lutreola,CR
2001,44.41987,-0.45526,5000.0,,,"Mustela lutreola (Linnaeus, 1761)",5219007,Mustela lutreola,CR
1998,44.5098,-0.46076,5000.0,,,"Mustela lutreola (Linnaeus, 1761)",5219007,Mustela lutreola,CR
1997,43.48019,-1.51214,5000.0,,,"Mustela lutreola (Linnaeus, 1761)",5219007,Mustela lutreola,CR
1999,44.51368,-0.33507,5000.0,,,"Mustela lutreola (Linnaeus, 1761)",5219007,Mustela lutreola,CR
1992,43.5751,-1.39566,5000.0,,,"Mustela lutreola (Linnaeus, 1761)",5219007,Mustela lutreola,CR
2000,43.77812,-0.78946,5000.0,,,"Mustela lutreola (Linnaeus, 1761)",5219007,Mustela lutreola,CR
1998,44.42374,-0.32977,5000.0,,,"Mustela lutreola (Linnaeus, 1761)",5219007,Mustela lutreola,CR
1992,43.5751,-1.39566,5000.0,,,"Mustela lutreola (Linnaeus, 1761)",5219007,Mustela lutreola,CR
1997,44.5098,-0.46076,5000.0,,,"Mustela lutreola (Linnaeus, 1761)",5219007,Mustela lutreola,CR
2001,43.88034,-0.4226,5000.0,,,"Mustela lutreola (Linnaeus, 1761)",5219007,Mustela lutreola,CR
2002,44.5098,-0.46076,5000.0,,,"Mustela lutreola (Linnaeus, 1761)",5219007,Mustela lutreola,CR
2002,43.49019,-1.2654,5000.0,,,"Mustela lutreola (Linnaeus, 1761)",5219007,Mustela lutreola,CR
2003,43.39038,-1.5051,5000.0,,,"Mustela lutreola (Linnaeus, 1761)",5219007,Mustela lutreola,CR
1998,44.33752,-0.19917,5000.0,,,"Mustela lutreola (Linnaeus, 1761)",5219007,Mustela lutreola,CR
2001,43.49019,-1.2654,5000.0,,,"Mustela lutreola (Linnaeus, 1761)",5219007,Mustela lutreola,CR
1999,44.42374,-0.32977,5000.0,,,"Mustela lutreola (Linnaeus, 1761)",5219007,Mustela lutreola,CR
1994,43.12599,-1.3615,5000.0,,,"Mustela lutreola (Linnaeus, 1761)",5219007,Mustela lutreola,CR
2002,44.5098,-0.46076,5000.0,,,"Mustela lutreola (Linnaeus, 1761)",5219007,Mustela lutreola,CR
2002,43.77374,-0.9135,5000.0,,,"Mustela lutreola (Linnaeus, 1761)",5219007,Mustela lutreola,CR
2001,44.5098,-0.46076,5000.0,,,"Mustela lutreola (Linnaeus, 1761)",5219007,Mustela lutreola,CR
1999,44.42374,-0.32977,5000.0,,,"Mustela lutreola (Linnaeus, 1761)",5219007,Mustela lutreola,CR
2003,43.5751,-1.39566,5000.0,,,"Mustela lutreola (Linnaeus, 1761)",5219007,Mustela lutreola,CR
1988,43.38518,-1.62824,5000.0,,,"Mustela lutreola (Linnaeus, 1761)",5219007,Mustela lutreola,CR
1998,44.41586,-0.58073,5000.0,,,"Mustela lutreola (Linnaeus, 1761)",5219007,Mustela lutreola,CR
1999,44.5098,-0.46076,5000.0,,,"Mustela lutreola (Linnaeus, 1761)",5219007,Mustela lutreola,CR
2001,43.39038,-1.5051,5000.0,,,"Mustela lutreola (Linnaeus, 1761)",5219007,Mustela lutreola,CR
1997,44.41987,-0.45526,5000.0,,,"Mustela lutreola (Linnaeus, 1761)",5219007,Mustela lutreola,CR
2001,43.76921,-1.03752,5000.0,,,"Mustela lutreola (Linnaeus, 1761)",5219007,Mustela lutreola,CR
1993,43.49019,-1.2654,5000.0,,,"Mustela lutreola (Linnaeus, 1761)",5219007,Mustela lutreola,CR
1999,44.5098,-0.46076,5000.0,,,"Mustela lutreola (Linnaeus, 1761)",5219007,Mustela lutreola,CR
2001,43.58003,-1.27208,5000.0,,,"Mustela lutreola (Linnaeus, 1761)",5219007,Mustela lutreola,CR
1994,44.36455,0.92927,5000.0,,,"Mustela lutreola (Linnaeus, 1761)",5219007,Mustela lutreola,CR
2004,43.30056,-1.49807,5000.0,,,"Mustela lutreola (Linnaeus, 1761)",5219007,Mustela lutreola,CR
1998,44.41586,-0.58073,5000.0,,,"Mustela lutreola (Linnaeus, 1761)",5219007,Mustela lutreola,CR
1992,44.41987,-0.45526,5000.0,,,"Mustela lutreola (Linnaeus, 1761)",5219007,Mustela lutreola,CR
1997,44.5098,-0.46076,5000.0,,,"Mustela lutreola (Linnaeus, 1761)",5219007,Mustela lutreola,CR
1999,44.42374,-0.32977,5000.0,,,"Mustela lutreola (Linnaeus, 1761)",5219007,Mustela lutreola,CR
1999,44.41987,-0.45526,5000.0,,,"Mustela lutreola (Linnaeus, 1761)",5219007,Mustela lutreola,CR
2003,43.5751,-1.39566,5000.0,,,"Mustela lutreola (Linnaeus, 1761)",5219007,Mustela lutreola,CR
2001,43.49019,-1.2654,5000.0,,,"Mustela lutreola (Linnaeus, 1761)",5219007,Mustela lutreola,CR
1996,43.5751,-1.39566,5000.0,,,"Mustela lutreola (Linnaeus, 1761)",5219007,Mustela lutreola,CR
1999,44.42374,-0.32977,5000.0,,,"Mustela lutreola (Linnaeus, 1761)",5219007,Mustela lutreola,CR
1999,44.42746,-0.20426,5000.0,,,"Mustela lutreola (Linnaeus, 1761)",5219007,Mustela lutreola,CR
1999,44.43104,-0.07873,5000.0,,,"Mustela lutreola (Linnaeus, 1761)",5219007,Mustela lutreola,CR
1994,43.67468,-1.155,5000.0,,,"Mustela lutreola (Linnaeus, 1761)",5219007,Mustela lutreola,CR
1996,43.77374,-0.9135,5000.0,,,"Mustela lutreola (Linnaeus, 1761)",5219007,Mustela lutreola,CR
2003,43.88417,-0.29829,5000.0,,,"Mustela lutreola (Linnaeus, 1761)",5219007,Mustela lutreola,CR
1994,44.05619,-0.5581,5000.0,,,"Mustela lutreola (Linnaeus, 1761)",5219007,Mustela lutreola,CR
1998,44.41987,-0.45526,5000.0,,,"Mustela lutreola (Linnaeus, 1761)",5219007,Mustela lutreola,CR
1997,44.5098,-0.46076,5000.0,,,"Mustela lutreola (Linnaeus, 1761)",5219007,Mustela lutreola,CR
1997,44.42374,-0.32977,5000.0,,,"Mustela lutreola (Linnaeus, 1761)",5219007,Mustela lutreola,CR
1997,44.5098,-0.46076,5000.0,,,"Mustela lutreola (Linnaeus, 1761)",5219007,Mustela lutreola,CR
1996,44.06771,-0.184,5000.0,,,"Mustela lutreola (Linnaeus, 1761)",5219007,Mustela lutreola,CR
2003,43.99114,0.31926,5000.0,,,"Mustela lutreola (Linnaeus, 1761)",5219007,Mustela lutreola,CR
1997,44.33752,-0.19917,5000.0,,,"Mustela lutreola (Linnaeus, 1761)",5219007,Mustela lutreola,CR
1999,44.51368,-0.33507,5000.0,,,"Mustela lutreola (Linnaeus, 1761)",5219007,Mustela lutreola,CR
1998,44.33752,-0.19917,5000.0,,,"Mustela lutreola (Linnaeus, 1761)",5219007,Mustela lutreola,CR
2003,43.5751,-1.39566,5000.0,,,"Mustela lutreola (Linnaeus, 1761)",5219007,Mustela lutreola,CR
1997,44.68968,-0.47182,5000.0,,,"Mustela lutreola (Linnaeus, 1761)",5219007,Mustela lutreola,CR
1998,44.5098,-0.46076,5000.0,,,"Mustela lutreola (Linnaeus, 1761)",5219007,Mustela lutreola,CR
1998,44.51368,-0.33507,5000.0,,,"Mustela lutreola (Linnaeus, 1761)",5219007,Mustela lutreola,CR
1996,43.5751,-1.39566,5000.0,,,"Mustela lutreola (Linnaeus, 1761)",5219007,Mustela lutreola,CR
2001,43.58003,-1.27208,5000.0,,,"Mustela lutreola (Linnaeus, 1761)",5219007,Mustela lutreola,CR
1999,44.42374,-0.32977,5000.0,,,"Mustela lutreola (Linnaeus, 1761)",5219007,Mustela lutreola,CR
1997,44.42746,-0.20426,5000.0,,,"Mustela lutreola (Linnaeus, 1761)",5219007,Mustela lutreola,CR
1998,44.51368,-0.33507,5000.0,,,"Mustela lutreola (Linnaeus, 1761)",5219007,Mustela lutreola,CR
2001,43.58483,-1.14849,5000.0,,,"Mustela lutreola (Linnaeus, 1761)",5219007,Mustela lutreola,CR
1994,43.76921,-1.03752,5000.0,,,"Mustela lutreola (Linnaeus, 1761)",5219007,Mustela lutreola,CR
1999,44.60362,-0.34039,5000.0,,,"Mustela lutreola (Linnaeus, 1761)",5219007,Mustela lutreola,CR
1997,43.5751,-1.39566,5000.0,,,"Mustela lutreola (Linnaeus, 1761)",5219007,Mustela lutreola,CR
2003,43.88034,-0.4226,5000.0,,,"Mustela lutreola (Linnaeus, 1761)",5219007,Mustela lutreola,CR
2002,44.41987,-0.45526,5000.0,,,"Mustela lutreola (Linnaeus, 1761)",5219007,Mustela lutreola,CR
1997,43.5751,-1.39566,5000.0,,,"Mustela lutreola (Linnaeus, 1761)",5219007,Mustela lutreola,CR
1998,44.42374,-0.32977,5000.0,,,"Mustela lutreola (Linnaeus, 1761)",5219007,Mustela lutreola,CR
1997,44.33752,-0.19917,5000.0,,,"Mustela lutreola (Linnaeus, 1761)",5219007,Mustela lutreola,CR
1999,44.5098,-0.46076,5000.0,,,"Mustela lutreola (Linnaeus, 1761)",5219007,Mustela lutreola,CR
2014,45.2253,-0.63272,5000.0,,,"Mustela lutreola (Linnaeus, 1761)",5219007,Mustela lutreola,CR
1996,43.86801,-0.79542,5000.0,,,"Mustela lutreola (Linnaeus, 1761)",5219007,Mustela lutreola,CR
2002,44.41987,-0.45526,5000.0,,,"Mustela lutreola (Linnaeus, 1761)",5219007,Mustela lutreola,CR
2001,43.77374,-0.9135,5000.0,,,"Mustela lutreola (Linnaeus, 1761)",5219007,Mustela lutreola,CR
1998,44.5098,-0.46076,5000.0,,,"Mustela lutreola (Linnaeus, 1761)",5219007,Mustela lutreola,CR
1992,44.24758,-0.1941,5000.0,,,"Mustela lutreola (Linnaeus, 1761)",5219007,Mustela lutreola,CR
1991,44.25786,0.18133,5000.0,,,"Mustela lutreola (Linnaeus, 1761)",5219007,Mustela lutreola,CR
2001,43.86801,-0.79542,5000.0,,,"Mustela lutreola (Linnaeus, 1761)",5219007,Mustela lutreola,CR
1978,45.58921,-0.52814,5000.0,,,"Mustela lutreola (Linnaeus, 1761)",5219007,Mustela lutreola,CR
1975,45.7421,-0.64983,4764.0,,,"Mustela lutreola (Linnaeus, 1761)",5219007,Mustela lutreola,CR
2005,45.3397,-1.09989,5827.0,,,"Mustela lutreola (Linnaeus, 1761)",5219007,Mustela lutreola,CR
1999,45.39922,-1.07454,6166.0,,,"Mustela lutreola (Linnaeus, 1761)",5219007,Mustela lutreola,CR
2000,45.39922,-1.07454,6166.0,,,"Mustela lutreola (Linnaeus, 1761)",5219007,Mustela lutreola,CR
2000,45.3397,-1.09989,5827.0,,,"Mustela lutreola (Linnaeus, 1761)",5219007,Mustela lutreola,CR
1991,45.4656,-1.00101,5934.0,,,"Mustela lutreola (Linnaeus, 1761)",5219007,Mustela lutreola,CR
1991,45.36122,-1.00089,3825.0,,,"Mustela lutreola (Linnaeus, 1761)",5219007,Mustela lutreola,CR
1970,47.17565,-1.55762,5000.0,,,"Mustela lutreola (Linnaeus, 1761)",5219007,Mustela lutreola,CR
1970,47.17038,-1.68942,5000.0,,,"Mustela lutreola (Linnaeus, 1761)",5219007,Mustela lutreola,CR
1954,47.24924,-1.96123,5000.0,,,"Mustela lutreola (Linnaeus, 1761)",5219007,Mustela lutreola,CR
1970,47.08051,-1.6816,5000.0,,,"Mustela lutreola (Linnaeus, 1761)",5219007,Mustela lutreola,CR
1975,48.05604,-4.43472,2634.0,,,"Mustela lutreola (Linnaeus, 1761)",5219007,Mustela lutreola,CR
1910,47.50359,1.30417,2354.0,,,"Mustela lutreola (Linnaeus, 1761)",5219007,Mustela lutreola,CR
1980,45.3921,-1.02741,5000.0,,,"Mustela lutreola (Linnaeus, 1761)",5219007,Mustela lutreola,CR
1981,45.58309,-0.30357,1927.0,,,"Mustela lutreola (Linnaeus, 1761)",5219007,Mustela lutreola,CR
1896,49.5238,0.88307,2790.0,,,"Mustela lutreola (Linnaeus, 1761)",5219007,Mustela lutreola,CR
1975,45.7556,-0.49078,2641.0,,,"Mustela lutreola (Linnaeus, 1761)",5219007,Mustela lutreola,CR
1975,45.70623,-0.60725,2653.0,,,"Mustela lutreola (Linnaeus, 1761)",5219007,Mustela lutreola,CR
1981,45.57787,-0.3712,2514.0,,,"Mustela lutreola (Linnaeus, 1761)",5219007,Mustela lutreola,CR
1971,45.76913,-0.53964,5000.0,,,"Mustela lutreola (Linnaeus, 1761)",5219007,Mustela lutreola,CR
1979,45.58512,-0.65626,5000.0,,,"Mustela lutreola (Linnaeus, 1761)",5219007,Mustela lutreola,CR
1975,45.7556,-0.49078,2641.0,,,"Mustela lutreola (Linnaeus, 1761)",5219007,Mustela lutreola,CR
1979,48.03031,-2.17322,8316.0,,,"Mustela lutreola (Linnaeus, 1761)",5219007,Mustela lutreola,CR
1975,45.70623,-0.60725,2653.0,,,"Mustela lutreola (Linnaeus, 1761)",5219007,Mustela lutreola,CR
1959,47.95454,-4.04276,5000.0,,,"Mustela lutreola (Linnaeus, 1761)",5219007,Mustela lutreola,CR
1968,45.53119,-0.52603,2211.0,,,"Mustela lutreola (Linnaeus, 1761)",5219007,Mustela lutreola,CR
1935,47.58792,1.67495,4617.0,,,"Mustela lutreola (Linnaeus, 1761)",5219007,Mustela lutreola,CR
1971,45.77761,-0.42844,2162.0,,,"Mustela lutreola (Linnaeus, 1761)",5219007,Mustela lutreola,CR
1984,47.18077,-1.4258,5000.0,,,"Mustela lutreola (Linnaeus, 1761)",5219007,Mustela lutreola,CR
1970,47.08051,-1.6816,5000.0,,,"Mustela lutreola (Linnaeus, 1761)",5219007,Mustela lutreola,CR
1980,44.57803,-1.02418,8158.0,,,"Mustela lutreola (Linnaeus, 1761)",5219007,Mustela lutreola,CR
1978,44.94239,0.56717,2521.0,,,"Mustela lutreola (Linnaeus, 1761)",5219007,Mustela lutreola,CR
1982,44.67718,-0.84994,5000.0,,,"Mustela lutreola (Linnaeus, 1761)",5219007,Mustela lutreola,CR
1980,48.26113,-4.05949,62254.0,,,"Mustela lutreola (Linnaeus, 1761)",5219007,Mustela lutreola,CR
1983,44.67272,-0.97596,5000.0,,,"Mustela lutreola (Linnaeus, 1761)",5219007,Mustela lutreola,CR
1981,43.31366,-0.47313,2709.0,,,"Mustela lutreola (Linnaeus, 1761)",5219007,Mustela lutreola,CR
1937,47.58792,1.67495,4617.0,,,"Mustela lutreola (Linnaeus, 1761)",5219007,Mustela lutreola,CR
1954,45.94273,-0.52023,4071.0,,,"Mustela lutreola (Linnaeus, 1761)",5219007,Mustela lutreola,CR
1958,45.73398,-0.55205,3689.0,,,"Mustela lutreola (Linnaeus, 1761)",5219007,Mustela lutreola,CR
1981,45.4153,-0.27846,3296.0,,,"Mustela lutreola (Linnaeus, 1761)",5219007,Mustela lutreola,CR
1981,45.24299,0.07293,2779.0,,,"Mustela lutreola (Linnaeus, 1761)",5219007,Mustela lutreola,CR
1980,45.5811,0.39909,4287.0,,,"Mustela lutreola (Linnaeus, 1761)",5219007,Mustela lutreola,CR
1983,45.57763,-0.55736,3912.0,,,"Mustela lutreola (Linnaeus, 1761)",5219007,Mustela lutreola,CR
1954,46.85466,-0.47959,10303.0,,,"Mustela lutreola (Linnaeus, 1761)",5219007,Mustela lutreola,CR
1982,46.33727,-0.58481,4580.0,,,"Mustela lutreola (Linnaeus, 1761)",5219007,Mustela lutreola,CR
1978,45.4153,-0.27846,3296.0,,,"Mustela lutreola (Linnaeus, 1761)",5219007,Mustela lutreola,CR
1979,48.53106,-3.38184,3975.0,,,"Mustela lutreola (Linnaeus, 1761)",5219007,Mustela lutreola,CR
1954,45.94273,-0.52023,4071.0,,,"Mustela lutreola (Linnaeus, 1761)",5219007,Mustela lutreola,CR
1968,45.53119,-0.52603,2211.0,,,"Mustela lutreola (Linnaeus, 1761)",5219007,Mustela lutreola,CR
1980,45.61653,-0.57037,3282.0,,,"Mustela lutreola (Linnaeus, 1761)",5219007,Mustela lutreola,CR
1976,47.36273,-1.67923,63239.0,,,"Mustela lutreola (Linnaeus, 1761)",5219007,Mustela lutreola,CR
1974,45.61653,-0.57037,3282.0,,,"Mustela lutreola (Linnaeus, 1761)",5219007,Mustela lutreola,CR
1984,47.41124,-2.37493,5000.0,,,"Mustela lutreola (Linnaeus, 1761)",5219007,Mustela lutreola,CR
1974,47.25812,0.69149,54360.0,,,"Mustela lutreola (Linnaeus, 1761)",5219007,Mustela lutreola,CR
1978,44.61235,0.37791,2129.0,,,"Mustela lutreola (Linnaeus, 1761)",5219007,Mustela lutreola,CR
2018,45.9882,-1.02738,3807.0,,,"Mustela lutreola (Linnaeus, 1761)",5219007,Mustela lutreola,CR
2018,46.03977,-1.03464,3525.0,,,"Mustela lutreola (Linnaeus, 1761)",5219007,Mustela lutreola,CR
2017,44.83795,-0.58126,79912.0,,,"Mustela lutreola (Linnaeus, 1761)",5219007,Mustela lutreola,CR
2017,44.36769,0.46042,49154.0,,,"Mustela lutreola (Linnaeus, 1761)",5219007,Mustela lutreola,CR
2013,43.71029,-1.12302,3083.0,,,"Mustela lutreola (Linnaeus, 1761)",5219007,Mustela lutreola,CR
2017,44.83795,-0.58126,79912.0,,,"Mustela lutreola (Linnaeus, 1761)",5219007,Mustela lutreola,CR
2013,44.83795,-0.58126,79912.0,,,"Mustela lutreola (Linnaeus, 1761)",5219007,Mustela lutreola,CR
2017,44.83795,-0.58126,79912.0,,,"Mustela lutreola (Linnaeus, 1761)",5219007,Mustela lutreola,CR
2017,44.83795,-0.58126,79912.0,,,"Mustela lutreola (Linnaeus, 1761)",5219007,Mustela lutreola,CR
2015,44.83795,-0.58126,79912.0,,,"Mustela lutreola (Linnaeus, 1761)",5219007,Mustela lutreola,CR
2017,44.96344,-0.36179,5000.0,,,"Mustela lutreola (Linnaeus, 1761)",5219007,Mustela lutreola,CR
2015,44.83795,-0.58126,79912.0,,,"Mustela lutreola (Linnaeus, 1761)",5219007,Mustela lutreola,CR
2012,44.48511,-0.65659,6163.0,,,"Mustela lutreola (Linnaeus, 1761)",5219007,Mustela lutreola,CR
2015,44.51742,-0.20931,5000.0,,,"Mustela lutreola (Linnaeus, 1761)",5219007,Mustela lutreola,CR
2004,45.88992,0.11337,,,,"Mustela lutreola (Linnaeus, 1761)",5219007,Mustela lutreola,CR
2004,45.88257,0.127,,,,"Mustela lutreola (Linnaeus, 1761)",5219007,Mustela lutreola,CR
2006,45.87242,0.11026,,,,"Mustela lutreola (Linnaeus, 1761)",5219007,Mustela lutreola,CR
2004,45.88818,0.11693,,,,"Mustela lutreola (Linnaeus, 1761)",5219007,Mustela lutreola,CR
2004,45.88752,0.12335,,,,"Mustela lutreola (Linnaeus, 1761)",5219007,Mustela lutreola,CR
2004,45.883,0.13219,,,,"Mustela lutreola (Linnaeus, 1761)",5219007,Mustela lutreola,CR
2004,45.88515,0.12924,,,,"Mustela lutreola (Linnaeus, 1761)",5219007,Mustela lutreola,CR
2004,45.88621,0.12767,,,,"Mustela lutreola (Linnaeus, 1761)",5219007,Mustela lutreola,CR
2004,45.88515,0.12924,,,,"Mustela lutreola (Linnaeus, 1761)",5219007,Mustela lutreola,CR
1997,45.72915,5.37872,,,,"Mustela lutreola (Linnaeus, 1761)",5219007,Mustela lutreola,CR
2004,45.88145,0.13887,,,,"Mustela lutreola (Linnaeus, 1761)",5219007,Mustela lutreola,CR
2004,45.88532,0.12028,,,,"Mustela lutreola (Linnaeus, 1761)",5219007,Mustela lutreola,CR
2004,45.89212,0.10863,,,,"Mustela lutreola (Linnaeus, 1761)",5219007,Mustela lutreola,CR
1932,62.5,28.0,,,,"Mustela lutreola (Linnaeus, 1761)",5219007,Mustela lutreola,CR
2004,45.372923,29.520774,,,,"Mustela lutreola (Linnaeus, 1761)",5219007,Mustela lutreola,CR
2007,44.875459,29.625552,,,,"Mustela lutreola (Linnaeus, 1761)",5219007,Mustela lutreola,CR
2010,45.194448,29.449221,,,,"Mustela lutreola (Linnaeus, 1761)",5219007,Mustela lutreola,CR
2009,45.245806,29.13286,,,,"Mustela lutreola (Linnaeus, 1761)",5219007,Mustela lutreola,CR
2003,45.011792,29.568325,,,,"Mustela lutreola (Linnaeus, 1761)",5219007,Mustela lutreola,CR
1967,44.788361,29.495183,,,,"Mustela lutreola (Linnaeus, 1761)",5219007,Mustela lutreola,CR
2010,45.153409,29.25663,,,,"Mustela lutreola (Linnaeus, 1761)",5219007,Mustela lutreola,CR
1964,45.198383,29.258408,,,,"Mustela lutreola (Linnaeus, 1761)",5219007,Mustela lutreola,CR
1964,45.246978,29.06919,,,,"Mustela lutreola (Linnaeus, 1761)",5219007,Mustela lutreola,CR
2003,45.200829,29.131179,,,,"Mustela lutreola (Linnaeus, 1761)",5219007,Mustela lutreola,CR
2010,45.193066,29.512816,,,,"Mustela lutreola (Linnaeus, 1761)",5219007,Mustela lutreola,CR
2009,44.708318,28.986778,,,,"Mustela lutreola (Linnaeus, 1761)",5219007,Mustela lutreola,CR
2007,45.195795,29.385621,,,,"Mustela lutreola (Linnaeus, 1761)",5219007,Mustela lutreola,CR
2010,45.153409,29.25663,,,,"Mustela lutreola (Linnaeus, 1761)",5219007,Mustela lutreola,CR
2003,45.284382,29.45309,,,,"Mustela lutreola (Linnaeus, 1761)",5219007,Mustela lutreola,CR
1981,45.150825,29.383743,,,,"Mustela lutreola (Linnaeus, 1761)",5219007,Mustela lutreola,CR
2010,45.153409,29.25663,,,,"Mustela lutreola (Linnaeus, 1761)",5219007,Mustela lutreola,CR
1964,45.199624,29.194795,,,,"Mustela lutreola (Linnaeus, 1761)",5219007,Mustela lutreola,CR
2010,44.972243,29.31292,,,,"Mustela lutreola (Linnaeus, 1761)",5219007,Mustela lutreola,CR
2003,45.200829,29.131179,,,,"Mustela lutreola (Linnaeus, 1761)",5219007,Mustela lutreola,CR
2010,45.153409,29.25663,,,,"Mustela lutreola (Linnaeus, 1761)",5219007,Mustela lutreola,CR
2010,45.195795,29.385621,,,,"Mustela lutreola (Linnaeus, 1761)",5219007,Mustela lutreola,CR
1964,45.243356,29.26019,,,,"Mustela lutreola (Linnaeus, 1761)",5219007,Mustela lutreola,CR
1964,45.152135,29.320189,,,,"Mustela lutreola (Linnaeus, 1761)",5219007,Mustela lutreola,CR
2004,45.372923,29.520774,,,,"Mustela lutreola (Linnaeus, 1761)",5219007,Mustela lutreola,CR
2010,45.153409,29.25663,,,,"Mustela lutreola (Linnaeus, 1761)",5219007,Mustela lutreola,CR
2010,45.06346,29.253087,,,,"Mustela lutreola (Linnaeus, 1761)",5219007,Mustela lutreola,CR
1990,44.875459,29.625552,,,,"Mustela lutreola (Linnaeus, 1761)",5219007,Mustela lutreola,CR
2010,45.242078,29.323849,,,,"Mustela lutreola (Linnaeus, 1761)",5219007,Mustela lutreola,CR
2010,45.249215,28.941836,,,,"Mustela lutreola (Linnaeus, 1761)",5219007,Mustela lutreola,CR
2010,45.06346,29.253087,,,,"Mustela lutreola (Linnaeus, 1761)",5219007,Mustela lutreola,CR
2010,45.201999,29.067558,,,,"Mustela lutreola (Linnaeus, 1761)",5219007,Mustela lutreola,CR
2010,45.157019,29.06593,,,,"Mustela lutreola (Linnaeus, 1761)",5219007,Mustela lutreola,CR
2010,45.193066,29.512816,,,,"Mustela lutreola (Linnaeus, 1761)",5219007,Mustela lutreola,CR
2010,45.195795,29.385621,,,,"Mustela lutreola (Linnaeus, 1761)",5219007,Mustela lutreola,CR
2010,45.240764,29.387503,,,,"Mustela lutreola (Linnaeus, 1761)",5219007,Mustela lutreola,CR
1999,45.208275,28.685756,,,,"Mustela lutreola (Linnaeus, 1761)",5219007,Mustela lutreola,CR
2009,45.195795,29.385621,,,,"Mustela lutreola (Linnaeus, 1761)",5219007,Mustela lutreola,CR
2010,45.240764,29.387503,,,,"Mustela lutreola (Linnaeus, 1761)",5219007,Mustela lutreola,CR
2010,45.420637,29.395077,,,,"Mustela lutreola (Linnaeus, 1761)",5219007,Mustela lutreola,CR
2003,45.284382,29.45309,,,,"Mustela lutreola (Linnaeus, 1761)",5219007,Mustela lutreola,CR
2003,45.284382,29.45309,,,,"Mustela lutreola (Linnaeus, 1761)",5219007,Mustela lutreola,CR
2009,45.284382,29.45309,,,,"Mustela lutreola (Linnaeus, 1761)",5219007,Mustela lutreola,CR
2010,44.972243,29.31292,,,,"Mustela lutreola (Linnaeus, 1761)",5219007,Mustela lutreola,CR
2010,45.153409,29.25663,,,,"Mustela lutreola (Linnaeus, 1761)",5219007,Mustela lutreola,CR
2004,45.372923,29.520774,,,,"Mustela lutreola (Linnaeus, 1761)",5219007,Mustela lutreola,CR
2010,45.240764,29.387503,,,,"Mustela lutreola (Linnaeus, 1761)",5219007,Mustela lutreola,CR
2010,45.153409,29.25663,,,,"Mustela lutreola (Linnaeus, 1761)",5219007,Mustela lutreola,CR
2009,45.107163,29.318365,,,,"Mustela lutreola (Linnaeus, 1761)",5219007,Mustela lutreola,CR
1999,45.208275,28.685756,,,,"Mustela lutreola (Linnaeus, 1761)",5219007,Mustela lutreola,CR
2010,44.799372,28.926682,,,,"Mustela lutreola (Linnaeus, 1761)",5219007,Mustela lutreola,CR
2009,45.249215,28.941836,,,,"Mustela lutreola (Linnaeus, 1761)",5219007,Mustela lutreola,CR
2010,44.799372,28.926682,,,,"Mustela lutreola (Linnaeus, 1761)",5219007,Mustela lutreola,CR
2015,45.100272,29.635843,,,,"Mustela lutreola (Linnaeus, 1761)",5219007,Mustela lutreola,CR
2010,45.240764,29.387503,,,,"Mustela lutreola (Linnaeus, 1761)",5219007,Mustela lutreola,CR
2003,45.06346,29.253087,,,,"Mustela lutreola (Linnaeus, 1761)",5219007,Mustela lutreola,CR
2010,45.153409,29.25663,,,,"Mustela lutreola (Linnaeus, 1761)",5219007,Mustela lutreola,CR
2010,45.240764,29.387503,,,,"Mustela lutreola (Linnaeus, 1761)",5219007,Mustela lutreola,CR
1999,45.06346,29.253087,,,,"Mustela lutreola (Linnaeus, 1761)",5219007,Mustela lutreola,CR
2010,45.240764,29.387503,,,,"Mustela lutreola (Linnaeus, 1761)",5219007,Mustela lutreola,CR
2003,45.284382,29.45309,,,,"Mustela lutreola (Linnaeus, 1761)",5219007,Mustela lutreola,CR
2011,45.155851,29.129501,,,,"Mustela lutreola (Linnaeus, 1761)",5219007,Mustela lutreola,CR
2003,45.284382,29.45309,,,,"Mustela lutreola (Linnaeus, 1761)",5219007,Mustela lutreola,CR
2003,45.200829,29.131179,,,,"Mustela lutreola (Linnaeus, 1761)",5219007,Mustela lutreola,CR
2009,45.197107,29.322017,,,,"Mustela lutreola (Linnaeus, 1761)",5219007,Mustela lutreola,CR
1999,45.019718,29.187908,,,,"Mustela lutreola (Linnaeus, 1761)",5219007,Mustela lutreola,CR
2010,45.193066,29.512816,,,,"Mustela lutreola (Linnaeus, 1761)",5219007,Mustela lutreola,CR
2010,45.194448,29.449221,,,,"Mustela lutreola (Linnaeus, 1761)",5219007,Mustela lutreola,CR
1999,45.019718,29.187908,,,,"Mustela lutreola (Linnaeus, 1761)",5219007,Mustela lutreola,CR
1964,45.285733,29.38939,,,,"Mustela lutreola (Linnaeus, 1761)",5219007,Mustela lutreola,CR
1999,45.019718,29.187908,,,,"Mustela lutreola (Linnaeus, 1761)",5219007,Mustela lutreola,CR
2010,44.796016,29.116218,,,,"Mustela lutreola (Linnaeus, 1761)",5219007,Mustela lutreola,CR
2010,45.153409,29.25663,,,,"Mustela lutreola (Linnaeus, 1761)",5219007,Mustela lutreola,CR
2010,45.200829,29.131179,,,,"Mustela lutreola (Linnaeus, 1761)",5219007,Mustela lutreola,CR
1999,45.06346,29.253087,,,,"Mustela lutreola (Linnaeus, 1761)",5219007,Mustela lutreola,CR
2010,45.201999,29.067558,,,,"Mustela lutreola (Linnaeus, 1761)",5219007,Mustela lutreola,CR
2003,45.107163,29.318365,,,,"Mustela lutreola (Linnaeus, 1761)",5219007,Mustela lutreola,CR
2003,45.06346,29.253087,,,,"Mustela lutreola (Linnaeus, 1761)",5219007,Mustela lutreola,CR
2010,45.06346,29.253087,,,,"Mustela lutreola (Linnaeus, 1761)",5219007,Mustela lutreola,CR
2003,44.97351,29.24956,,,,"Mustela lutreola (Linnaeus, 1761)",5219007,Mustela lutreola,CR
2009,44.83333,29.497124,,,,"Mustela lutreola (Linnaeus, 1761)",5219007,Mustela lutreola,CR
2010,44.972243,29.31292,,,,"Mustela lutreola (Linnaeus, 1761)",5219007,Mustela lutreola,CR
2009,45.153409,29.25663,,,,"Mustela lutreola (Linnaeus, 1761)",5219007,Mustela lutreola,CR
1999,45.06346,29.253087,,,,"Mustela lutreola (Linnaeus, 1761)",5219007,Mustela lutreola,CR
2010,45.194448,29.449221,,,,"Mustela lutreola (Linnaeus, 1761)",5219007,Mustela lutreola,CR
2010,44.754386,28.925186,,,,"Mustela lutreola (Linnaeus, 1761)",5219007,Mustela lutreola,CR
2010,45.195795,29.385621,,,,"Mustela lutreola (Linnaeus, 1761)",5219007,Mustela lutreola,CR
2006,45.200829,29.131179,,,,"Mustela lutreola (Linnaeus, 1761)",5219007,Mustela lutreola,CR
1995,44.676417,27.976314,,,,"Mustela lutreola (Linnaeus, 1761)",5219007,Mustela lutreola,CR
1927,45.160312,28.875195,,,,"Mustela lutreola (Linnaeus, 1761)",5219007,Mustela lutreola,CR
2010,44.712431,28.73442,,,,"Mustela lutreola (Linnaeus, 1761)",5219007,Mustela lutreola,CR
1964,45.208275,28.685756,,,,"Mustela lutreola (Linnaeus, 1761)",5219007,Mustela lutreola,CR
2009,45.107163,29.318365,,,,"Mustela lutreola (Linnaeus, 1761)",5219007,Mustela lutreola,CR
2010,44.799372,28.926682,,,,"Mustela lutreola (Linnaeus, 1761)",5219007,Mustela lutreola,CR
2000,45.019718,29.187908,,,,"Mustela lutreola (Linnaeus, 1761)",5219007,Mustela lutreola,CR
2009,44.974741,29.186196,,,,"Mustela lutreola (Linnaeus, 1761)",5219007,Mustela lutreola,CR
2009,44.97351,29.24956,,,,"Mustela lutreola (Linnaeus, 1761)",5219007,Mustela lutreola,CR
2010,44.755433,28.862049,,,,"Mustela lutreola (Linnaeus, 1761)",5219007,Mustela lutreola,CR
2010,45.248114,29.005515,,,,"Mustela lutreola (Linnaeus, 1761)",5219007,Mustela lutreola,CR
2003,45.200829,29.131179,,,,"Mustela lutreola (Linnaeus, 1761)",5219007,Mustela lutreola,CR
2007,44.972243,29.31292,,,,"Mustela lutreola (Linnaeus, 1761)",5219007,Mustela lutreola,CR
2004,45.249215,28.941836,,,,"Mustela lutreola (Linnaeus, 1761)",5219007,Mustela lutreola,CR
2001,45.06346,29.253087,,,,"Mustela lutreola (Linnaeus, 1761)",5219007,Mustela lutreola,CR
2003,44.97351,29.24956,,,,"Mustela lutreola (Linnaeus, 1761)",5219007,Mustela lutreola,CR
2007,45.208275,28.685756,,,,"Mustela lutreola (Linnaeus, 1761)",5219007,Mustela lutreola,CR
2009,45.194448,29.449221,,,,"Mustela lutreola (Linnaeus, 1761)",5219007,Mustela lutreola,CR
2010,44.708318,28.986778,,,,"Mustela lutreola (Linnaeus, 1761)",5219007,Mustela lutreola,CR
2010,44.665456,28.859165,,,,"Mustela lutreola (Linnaeus, 1761)",5219007,Mustela lutreola,CR
2010,44.708318,28.986778,,,,"Mustela lutreola (Linnaeus, 1761)",5219007,Mustela lutreola,CR
2009,44.707203,29.049859,,,,"Mustela lutreola (Linnaeus, 1761)",5219007,Mustela lutreola,CR
2004,45.249215,28.941836,,,,"Mustela lutreola (Linnaeus, 1761)",5219007,Mustela lutreola,CR
2003,44.891413,28.803113,,,,"Mustela lutreola (Linnaeus, 1761)",5219007,Mustela lutreola,CR
2000,45.06346,29.253087,,,,"Mustela lutreola (Linnaeus, 1761)",5219007,Mustela lutreola,CR
2007,45.019718,29.187908,,,,"Mustela lutreola (Linnaeus, 1761)",5219007,Mustela lutreola,CR
2010,44.708318,28.986778,,,,"Mustela lutreola (Linnaeus, 1761)",5219007,Mustela lutreola,CR
2007,45.294197,28.943371,,,,"Mustela lutreola (Linnaeus, 1761)",5219007,Mustela lutreola,CR
2010,44.711455,28.797514,,,,"Mustela lutreola (Linnaeus, 1761)",5219007,Mustela lutreola,CR
2003,44.97351,29.24956,,,,"Mustela lutreola (Linnaeus, 1761)",5219007,Mustela lutreola,CR
2010,44.666465,28.796123,,,,"Mustela lutreola (Linnaeus, 1761)",5219007,Mustela lutreola,CR
1962,52.08,16.64,,,,"Mustela lutreola (Linnaeus, 1761)",5219007,Mustela lutreola,CR
2015,62.20533,29.124487,25.0,,,"Lutreola lutreola (Linnaeus, 1761)",5219007,Mustela lutreola,NE
2013,52.45578,9.282993,250.0,,,"Lutreola lutreola (Linnaeus, 1761)",5219007,Mustela lutreola,NE
2012,52.479435,9.346619,250.0,,,"Lutreola lutreola (Linnaeus, 1761)",5219007,Mustela lutreola,NE
2012,52.479435,9.346619,250.0,,,"Lutreola lutreola (Linnaeus, 1761)",5219007,Mustela lutreola,NE
2013,52.479435,9.346619,250.0,,,"Lutreola lutreola (Linnaeus, 1761)",5219007,Mustela lutreola,NE
2012,52.479435,9.346619,250.0,,,"Lutreola lutreola (Linnaeus, 1761)",5219007,Mustela lutreola,NE
2012,52.479435,9.346619,250.0,,,"Lutreola lutreola (Linnaeus, 1761)",5219007,Mustela lutreola,NE
2013,52.475517,9.266085,250.0,,,"Lutreola lutreola (Linnaeus, 1761)",5219007,Mustela lutreola,NE
2012,52.479435,9.346619,250.0,,,"Lutreola lutreola (Linnaeus, 1761)",5219007,Mustela lutreola,NE
2012,52.454857,9.269543,250.0,,,"Lutreola lutreola (Linnaeus, 1761)",5219007,Mustela lutreola,NE
2011,52.479435,9.346619,250.0,,,"Lutreola lutreola (Linnaeus, 1761)",5219007,Mustela lutreola,NE
1913,45.17998,28.80633,,,,Mustela lutreola lutreola,5219007,Mustela lutreola,
1958,45.7167,-0.55,,,,Mustela lutreola lutreola,5219007,Mustela lutreola,
1959,47.99667,-4.09639,,,,Mustela lutreola lutreola,5219007,Mustela lutreola,
1912,64.686314,97.745306,2825150.0,,,"Mustela lutreola (Linnaeus, 1761)",5219007,Mustela lutreola,CR
1958,59.615276,30.736747,,,,"Mustela lutreola (Linnaeus, 1761)",5219007,Mustela lutreola,CR
2007,43.310001,-3.06,,,,"Mustela lutreola (Linnaeus, 1761)",5219007,Mustela lutreola,CR
2007,43.400002,-2.94,,,,"Mustela lutreola (Linnaeus, 1761)",5219007,Mustela lutreola,CR
2007,43.310001,-2.94,,,,"Mustela lutreola (Linnaeus, 1761)",5219007,Mustela lutreola,CR
2007,43.310001,-2.82,,,,"Mustela lutreola (Linnaeus, 1761)",5219007,Mustela lutreola,CR
2007,43.220001,-2.82,,,,"Mustela lutreola (Linnaeus, 1761)",5219007,Mustela lutreola,CR
2007,43.130001,-2.82,,,,"Mustela lutreola (Linnaeus, 1761)",5219007,Mustela lutreola,CR
2007,43.400002,-2.81,,,,"Mustela lutreola (Linnaeus, 1761)",5219007,Mustela lutreola,CR
2007,43.400002,-2.69,,,,"Mustela lutreola (Linnaeus, 1761)",5219007,Mustela lutreola,CR
2007,43.310001,-2.69,,,,"Mustela lutreola (Linnaeus, 1761)",5219007,Mustela lutreola,CR
2007,43.220001,-2.69,,,,"Mustela lutreola (Linnaeus, 1761)",5219007,Mustela lutreola,CR
2007,43.400002,-2.57,,,,"Mustela lutreola (Linnaeus, 1761)",5219007,Mustela lutreola,CR
2007,43.310001,-2.57,,,,"Mustela lutreola (Linnaeus, 1761)",5219007,Mustela lutreola,CR
2007,43.220001,-2.57,,,,"Mustela lutreola (Linnaeus, 1761)",5219007,Mustela lutreola,CR
2007,43.400002,-2.44,,,,"Mustela lutreola (Linnaeus, 1761)",5219007,Mustela lutreola,CR
2007,40.580002,0.7,,,,"Mustela lutreola (Linnaeus, 1761)",5219007,Mustela lutreola,CR
2007,40.939999,0.56,,,,"Mustela lutreola (Linnaeus, 1761)",5219007,Mustela lutreola,CR
2007,42.049999,-2.34,,,,"Mustela lutreola (Linnaeus, 1761)",5219007,Mustela lutreola,CR
2007,42.669998,-2.21,,,,"Mustela lutreola (Linnaeus, 1761)",5219007,Mustela lutreola,CR
2007,42.580002,-2.21,,,,"Mustela lutreola (Linnaeus, 1761)",5219007,Mustela lutreola,CR
2007,42.580002,-2.09,,,,"Mustela lutreola (Linnaeus, 1761)",5219007,Mustela lutreola,CR
2007,42.490002,-2.09,,,,"Mustela lutreola (Linnaeus, 1761)",5219007,Mustela lutreola,CR
2007,42.849998,-2.08,,,,"Mustela lutreola (Linnaeus, 1761)",5219007,Mustela lutreola,CR
2007,42.759998,-2.08,,,,"Mustela lutreola (Linnaeus, 1761)",5219007,Mustela lutreola,CR
2007,42.669998,-2.08,,,,"Mustela lutreola (Linnaeus, 1761)",5219007,Mustela lutreola,CR
2007,42.490002,-1.97,,,,"Mustela lutreola (Linnaeus, 1761)",5219007,Mustela lutreola,CR
2007,42.939999,-1.96,,,,"Mustela lutreola (Linnaeus, 1761)",5219007,Mustela lutreola,CR
2007,42.669998,-1.96,,,,"Mustela lutreola (Linnaeus, 1761)",5219007,Mustela lutreola,CR
2007,42.580002,-1.96,,,,"Mustela lutreola (Linnaeus, 1761)",5219007,Mustela lutreola,CR
2007,42.400002,-1.85,,,,"Mustela lutreola (Linnaeus, 1761)",5219007,Mustela lutreola,CR
2007,42.939999,-1.84,,,,"Mustela lutreola (Linnaeus, 1761)",5219007,Mustela lutreola,CR
2007,42.849998,-1.84,,,,"Mustela lutreola (Linnaeus, 1761)",5219007,Mustela lutreola,CR
2007,42.759998,-1.84,,,,"Mustela lutreola (Linnaeus, 1761)",5219007,Mustela lutreola,CR
2007,42.669998,-1.84,,,,"Mustela lutreola (Linnaeus, 1761)",5219007,Mustela lutreola,CR
2007,42.580002,-1.84,,,,"Mustela lutreola (Linnaeus, 1761)",5219007,Mustela lutreola,CR
2007,42.490002,-1.84,,,,"Mustela lutreola (Linnaeus, 1761)",5219007,Mustela lutreola,CR
2007,43.119999,-1.83,,,,"Mustela lutreola (Linnaeus, 1761)",5219007,Mustela lutreola,CR
2007,43.029999,-1.83,,,,"Mustela lutreola (Linnaeus, 1761)",5219007,Mustela lutreola,CR
2007,42.310001,-1.73,,,,"Mustela lutreola (Linnaeus, 1761)",5219007,Mustela lutreola,CR
2007,42.759998,-1.72,,,,"Mustela lutreola (Linnaeus, 1761)",5219007,Mustela lutreola,CR
2007,42.490002,-1.72,,,,"Mustela lutreola (Linnaeus, 1761)",5219007,Mustela lutreola,CR
2007,42.400002,-1.72,,,,"Mustela lutreola (Linnaeus, 1761)",5219007,Mustela lutreola,CR
2007,43.209999,-1.71,,,,"Mustela lutreola (Linnaeus, 1761)",5219007,Mustela lutreola,CR
2007,43.119999,-1.71,,,,"Mustela lutreola (Linnaeus, 1761)",5219007,Mustela lutreola,CR
2007,43.029999,-1.71,,,,"Mustela lutreola (Linnaeus, 1761)",5219007,Mustela lutreola,CR
2007,42.939999,-1.71,,,,"Mustela lutreola (Linnaeus, 1761)",5219007,Mustela lutreola,CR
2007,42.849998,-1.71,,,,"Mustela lutreola (Linnaeus, 1761)",5219007,Mustela lutreola,CR
2007,42.220001,-1.61,,,,"Mustela lutreola (Linnaeus, 1761)",5219007,Mustela lutreola,CR
2007,42.130001,-1.61,,,,"Mustela lutreola (Linnaeus, 1761)",5219007,Mustela lutreola,CR
2007,42.490002,-1.6,,,,"Mustela lutreola (Linnaeus, 1761)",5219007,Mustela lutreola,CR
2007,42.400002,-1.6,,,,"Mustela lutreola (Linnaeus, 1761)",5219007,Mustela lutreola,CR
2007,43.119999,-1.59,,,,"Mustela lutreola (Linnaeus, 1761)",5219007,Mustela lutreola,CR
2007,43.029999,-1.59,,,,"Mustela lutreola (Linnaeus, 1761)",5219007,Mustela lutreola,CR
2007,42.939999,-1.59,,,,"Mustela lutreola (Linnaeus, 1761)",5219007,Mustela lutreola,CR
2007,42.849998,-1.59,,,,"Mustela lutreola (Linnaeus, 1761)",5219007,Mustela lutreola,CR
2007,42.759998,-1.59,,,,"Mustela lutreola (Linnaeus, 1761)",5219007,Mustela lutreola,CR
2007,43.209999,-1.58,,,,"Mustela lutreola (Linnaeus, 1761)",5219007,Mustela lutreola,CR
2007,42.400002,-1.48,,,,"Mustela lutreola (Linnaeus, 1761)",5219007,Mustela lutreola,CR
2007,42.939999,-1.47,,,,"Mustela lutreola (Linnaeus, 1761)",5219007,Mustela lutreola,CR
2007,42.849998,-1.47,,,,"Mustela lutreola (Linnaeus, 1761)",5219007,Mustela lutreola,CR
2007,42.759998,-1.47,,,,"Mustela lutreola (Linnaeus, 1761)",5219007,Mustela lutreola,CR
2007,42.669998,-1.47,,,,"Mustela lutreola (Linnaeus, 1761)",5219007,Mustela lutreola,CR
2007,43.209999,-1.46,,,,"Mustela lutreola (Linnaeus, 1761)",5219007,Mustela lutreola,CR
2007,43.119999,-1.46,,,,"Mustela lutreola (Linnaeus, 1761)",5219007,Mustela lutreola,CR
2007,42.580002,-1.36,,,,"Mustela lutreola (Linnaeus, 1761)",5219007,Mustela lutreola,CR
2007,42.849998,-1.35,,,,"Mustela lutreola (Linnaeus, 1761)",5219007,Mustela lutreola,CR
2007,42.759998,-1.35,,,,"Mustela lutreola (Linnaeus, 1761)",5219007,Mustela lutreola,CR
2007,42.669998,-1.35,,,,"Mustela lutreola (Linnaeus, 1761)",5219007,Mustela lutreola,CR
2007,43.119999,-1.34,,,,"Mustela lutreola (Linnaeus, 1761)",5219007,Mustela lutreola,CR
2007,42.75,-1.23,,,,"Mustela lutreola (Linnaeus, 1761)",5219007,Mustela lutreola,CR
2007,42.93,-1.22,,,,"Mustela lutreola (Linnaeus, 1761)",5219007,Mustela lutreola,CR
2007,42.75,-1.11,,,,"Mustela lutreola (Linnaeus, 1761)",5219007,Mustela lutreola,CR
2007,42.84,-1.1,,,,"Mustela lutreola (Linnaeus, 1761)",5219007,Mustela lutreola,CR
2007,42.5,-2.94,,,,"Mustela lutreola (Linnaeus, 1761)",5219007,Mustela lutreola,CR
2007,42.41,-2.94,,,,"Mustela lutreola (Linnaeus, 1761)",5219007,Mustela lutreola,CR
2007,42.32,-2.94,,,,"Mustela lutreola (Linnaeus, 1761)",5219007,Mustela lutreola,CR
2007,42.23,-2.94,,,,"Mustela lutreola (Linnaeus, 1761)",5219007,Mustela lutreola,CR
2007,42.139999,-2.94,,,,"Mustela lutreola (Linnaeus, 1761)",5219007,Mustela lutreola,CR
2007,42.41,-2.82,,,,"Mustela lutreola (Linnaeus, 1761)",5219007,Mustela lutreola,CR
2007,42.32,-2.82,,,,"Mustela lutreola (Linnaeus, 1761)",5219007,Mustela lutreola,CR
2007,42.23,-2.82,,,,"Mustela lutreola (Linnaeus, 1761)",5219007,Mustela lutreola,CR
2007,42.41,-2.7,,,,"Mustela lutreola (Linnaeus, 1761)",5219007,Mustela lutreola,CR
2007,42.32,-2.7,,,,"Mustela lutreola (Linnaeus, 1761)",5219007,Mustela lutreola,CR
2007,42.23,-2.7,,,,"Mustela lutreola (Linnaeus, 1761)",5219007,Mustela lutreola,CR
2007,42.32,-2.58,,,,"Mustela lutreola (Linnaeus, 1761)",5219007,Mustela lutreola,CR
2007,42.23,-2.58,,,,"Mustela lutreola (Linnaeus, 1761)",5219007,Mustela lutreola,CR
2007,42.41,-2.45,,,,"Mustela lutreola (Linnaeus, 1761)",5219007,Mustela lutreola,CR
2007,42.32,-2.45,,,,"Mustela lutreola (Linnaeus, 1761)",5219007,Mustela lutreola,CR
2007,42.23,-2.45,,,,"Mustela lutreola (Linnaeus, 1761)",5219007,Mustela lutreola,CR
2007,42.32,-2.33,,,,"Mustela lutreola (Linnaeus, 1761)",5219007,Mustela lutreola,CR
2007,42.23,-2.33,,,,"Mustela lutreola (Linnaeus, 1761)",5219007,Mustela lutreola,CR
2007,42.310001,-2.21,,,,"Mustela lutreola (Linnaeus, 1761)",5219007,Mustela lutreola,CR
2007,42.220001,-2.21,,,,"Mustela lutreola (Linnaeus, 1761)",5219007,Mustela lutreola,CR
2007,42.220001,-2.09,,,,"Mustela lutreola (Linnaeus, 1761)",5219007,Mustela lutreola,CR
2007,42.220001,-1.97,,,,"Mustela lutreola (Linnaeus, 1761)",5219007,Mustela lutreola,CR
2007,42.130001,-1.97,,,,"Mustela lutreola (Linnaeus, 1761)",5219007,Mustela lutreola,CR
2007,42.040001,-1.97,,,,"Mustela lutreola (Linnaeus, 1761)",5219007,Mustela lutreola,CR
2007,43.220001,-2.2,,,,"Mustela lutreola (Linnaeus, 1761)",5219007,Mustela lutreola,CR
2007,43.040001,-2.2,,,,"Mustela lutreola (Linnaeus, 1761)",5219007,Mustela lutreola,CR
2007,43.209999,-2.08,,,,"Mustela lutreola (Linnaeus, 1761)",5219007,Mustela lutreola,CR
2007,43.119999,-2.08,,,,"Mustela lutreola (Linnaeus, 1761)",5219007,Mustela lutreola,CR
2007,43.299999,-1.95,,,,"Mustela lutreola (Linnaeus, 1761)",5219007,Mustela lutreola,CR
2007,42.23,-3.67,,,,"Mustela lutreola (Linnaeus, 1761)",5219007,Mustela lutreola,CR
2007,42.77,-3.43,,,,"Mustela lutreola (Linnaeus, 1761)",5219007,Mustela lutreola,CR
2007,42.68,-3.43,,,,"Mustela lutreola (Linnaeus, 1761)",5219007,Mustela lutreola,CR
2007,42.32,-3.42,,,,"Mustela lutreola (Linnaeus, 1761)",5219007,Mustela lutreola,CR
2007,42.77,-3.31,,,,"Mustela lutreola (Linnaeus, 1761)",5219007,Mustela lutreola,CR
2007,42.68,-3.31,,,,"Mustela lutreola (Linnaeus, 1761)",5219007,Mustela lutreola,CR
2007,42.59,-3.3,,,,"Mustela lutreola (Linnaeus, 1761)",5219007,Mustela lutreola,CR
2007,42.5,-3.3,,,,"Mustela lutreola (Linnaeus, 1761)",5219007,Mustela lutreola,CR
2007,42.41,-3.3,,,,"Mustela lutreola (Linnaeus, 1761)",5219007,Mustela lutreola,CR
2007,42.41,-3.18,,,,"Mustela lutreola (Linnaeus, 1761)",5219007,Mustela lutreola,CR
2007,42.860001,-2.82,,,,"Mustela lutreola (Linnaeus, 1761)",5219007,Mustela lutreola,CR
2007,42.950001,-2.69,,,,"Mustela lutreola (Linnaeus, 1761)",5219007,Mustela lutreola,CR
2007,42.860001,-2.69,,,,"Mustela lutreola (Linnaeus, 1761)",5219007,Mustela lutreola,CR
2007,42.860001,-2.57,,,,"Mustela lutreola (Linnaeus, 1761)",5219007,Mustela lutreola,CR
2007,42.59,-2.57,,,,"Mustela lutreola (Linnaeus, 1761)",5219007,Mustela lutreola,CR
2007,42.860001,-2.45,,,,"Mustela lutreola (Linnaeus, 1761)",5219007,Mustela lutreola,CR
2007,42.77,-2.45,,,,"Mustela lutreola (Linnaeus, 1761)",5219007,Mustela lutreola,CR
2007,43.220001,-3.31,,,,"Mustela lutreola (Linnaeus, 1761)",5219007,Mustela lutreola,CR
2007,43.220001,-3.18,,,,"Mustela lutreola (Linnaeus, 1761)",5219007,Mustela lutreola,CR
2007,43.130001,-3.18,,,,"Mustela lutreola (Linnaeus, 1761)",5219007,Mustela lutreola,CR
2007,42.77,-3.18,,,,"Mustela lutreola (Linnaeus, 1761)",5219007,Mustela lutreola,CR
2007,42.5,-3.18,,,,"Mustela lutreola (Linnaeus, 1761)",5219007,Mustela lutreola,CR
2007,43.220001,-3.06,,,,"Mustela lutreola (Linnaeus, 1761)",5219007,Mustela lutreola,CR
2007,43.130001,-3.06,,,,"Mustela lutreola (Linnaeus, 1761)",5219007,Mustela lutreola,CR
2007,42.860001,-3.06,,,,"Mustela lutreola (Linnaeus, 1761)",5219007,Mustela lutreola,CR
2007,42.77,-3.06,,,,"Mustela lutreola (Linnaeus, 1761)",5219007,Mustela lutreola,CR
2007,42.68,-3.06,,,,"Mustela lutreola (Linnaeus, 1761)",5219007,Mustela lutreola,CR
2007,42.5,-3.06,,,,"Mustela lutreola (Linnaeus, 1761)",5219007,Mustela lutreola,CR
2007,42.32,-3.06,,,,"Mustela lutreola (Linnaeus, 1761)",5219007,Mustela lutreola,CR
2007,42.23,-3.06,,,,"Mustela lutreola (Linnaeus, 1761)",5219007,Mustela lutreola,CR
2007,43.220001,-2.94,,,,"Mustela lutreola (Linnaeus, 1761)",5219007,Mustela lutreola,CR
2007,43.130001,-2.94,,,,"Mustela lutreola (Linnaeus, 1761)",5219007,Mustela lutreola,CR
2007,43.040001,-2.94,,,,"Mustela lutreola (Linnaeus, 1761)",5219007,Mustela lutreola,CR
2007,42.77,-2.94,,,,"Mustela lutreola (Linnaeus, 1761)",5219007,Mustela lutreola,CR
2007,42.68,-2.94,,,,"Mustela lutreola (Linnaeus, 1761)",5219007,Mustela lutreola,CR
2007,42.59,-2.94,,,,"Mustela lutreola (Linnaeus, 1761)",5219007,Mustela lutreola,CR
2007,42.77,-2.82,,,,"Mustela lutreola (Linnaeus, 1761)",5219007,Mustela lutreola,CR
2007,42.68,-2.82,,,,"Mustela lutreola (Linnaeus, 1761)",5219007,Mustela lutreola,CR
2007,42.59,-2.82,,,,"Mustela lutreola (Linnaeus, 1761)",5219007,Mustela lutreola,CR
2007,42.139999,-2.82,,,,"Mustela lutreola (Linnaeus, 1761)",5219007,Mustela lutreola,CR
2007,42.049999,-2.82,,,,"Mustela lutreola (Linnaeus, 1761)",5219007,Mustela lutreola,CR
2007,42.59,-2.7,,,,"Mustela lutreola (Linnaeus, 1761)",5219007,Mustela lutreola,CR
2007,42.5,-2.7,,,,"Mustela lutreola (Linnaeus, 1761)",5219007,Mustela lutreola,CR
2007,42.139999,-2.7,,,,"Mustela lutreola (Linnaeus, 1761)",5219007,Mustela lutreola,CR
2007,42.049999,-2.7,,,,"Mustela lutreola (Linnaeus, 1761)",5219007,Mustela lutreola,CR
2007,43.130001,-2.69,,,,"Mustela lutreola (Linnaeus, 1761)",5219007,Mustela lutreola,CR
2007,43.040001,-2.69,,,,"Mustela lutreola (Linnaeus, 1761)",5219007,Mustela lutreola,CR
2007,42.77,-2.69,,,,"Mustela lutreola (Linnaeus, 1761)",5219007,Mustela lutreola,CR
2007,42.68,-2.69,,,,"Mustela lutreola (Linnaeus, 1761)",5219007,Mustela lutreola,CR
2007,42.139999,-2.58,,,,"Mustela lutreola (Linnaeus, 1761)",5219007,Mustela lutreola,CR
2007,42.049999,-2.58,,,,"Mustela lutreola (Linnaeus, 1761)",5219007,Mustela lutreola,CR
2007,43.130001,-2.57,,,,"Mustela lutreola (Linnaeus, 1761)",5219007,Mustela lutreola,CR
2007,42.950001,-2.57,,,,"Mustela lutreola (Linnaeus, 1761)",5219007,Mustela lutreola,CR
2007,42.68,-2.57,,,,"Mustela lutreola (Linnaeus, 1761)",5219007,Mustela lutreola,CR
2007,42.5,-2.57,,,,"Mustela lutreola (Linnaeus, 1761)",5219007,Mustela lutreola,CR
2007,42.139999,-2.46,,,,"Mustela lutreola (Linnaeus, 1761)",5219007,Mustela lutreola,CR
2007,42.049999,-2.46,,,,"Mustela lutreola (Linnaeus, 1761)",5219007,Mustela lutreola,CR
2007,43.310001,-2.45,,,,"Mustela lutreola (Linnaeus, 1761)",5219007,Mustela lutreola,CR
2007,43.220001,-2.45,,,,"Mustela lutreola (Linnaeus, 1761)",5219007,Mustela lutreola,CR
2007,43.130001,-2.45,,,,"Mustela lutreola (Linnaeus, 1761)",5219007,Mustela lutreola,CR
2007,42.950001,-2.45,,,,"Mustela lutreola (Linnaeus, 1761)",5219007,Mustela lutreola,CR
2007,42.68,-2.45,,,,"Mustela lutreola (Linnaeus, 1761)",5219007,Mustela lutreola,CR
2007,42.5,-2.45,,,,"Mustela lutreola (Linnaeus, 1761)",5219007,Mustela lutreola,CR
2007,42.860001,-2.33,,,,"Mustela lutreola (Linnaeus, 1761)",5219007,Mustela lutreola,CR
2007,42.68,-2.33,,,,"Mustela lutreola (Linnaeus, 1761)",5219007,Mustela lutreola,CR
2007,42.5,-2.33,,,,"Mustela lutreola (Linnaeus, 1761)",5219007,Mustela lutreola,CR
2007,42.41,-2.33,,,,"Mustela lutreola (Linnaeus, 1761)",5219007,Mustela lutreola,CR
2007,42.139999,-2.33,,,,"Mustela lutreola (Linnaeus, 1761)",5219007,Mustela lutreola,CR
2007,42.490002,-2.21,,,,"Mustela lutreola (Linnaeus, 1761)",5219007,Mustela lutreola,CR
2007,42.400002,-2.21,,,,"Mustela lutreola (Linnaeus, 1761)",5219007,Mustela lutreola,CR
2007,42.130001,-2.21,,,,"Mustela lutreola (Linnaeus, 1761)",5219007,Mustela lutreola,CR
2007,42.950001,-2.2,,,,"Mustela lutreola (Linnaeus, 1761)",5219007,Mustela lutreola,CR
2007,42.860001,-2.2,,,,"Mustela lutreola (Linnaeus, 1761)",5219007,Mustela lutreola,CR
2007,42.400002,-2.09,,,,"Mustela lutreola (Linnaeus, 1761)",5219007,Mustela lutreola,CR
2007,42.310001,-2.09,,,,"Mustela lutreola (Linnaeus, 1761)",5219007,Mustela lutreola,CR
2007,42.130001,-2.09,,,,"Mustela lutreola (Linnaeus, 1761)",5219007,Mustela lutreola,CR
2007,43.029999,-2.08,,,,"Mustela lutreola (Linnaeus, 1761)",5219007,Mustela lutreola,CR
2007,42.939999,-2.08,,,,"Mustela lutreola (Linnaeus, 1761)",5219007,Mustela lutreola,CR
2007,42.400002,-1.97,,,,"Mustela lutreola (Linnaeus, 1761)",5219007,Mustela lutreola,CR
2007,42.310001,-1.97,,,,"Mustela lutreola (Linnaeus, 1761)",5219007,Mustela lutreola,CR
2007,43.119999,-1.96,,,,"Mustela lutreola (Linnaeus, 1761)",5219007,Mustela lutreola,CR
2007,43.029999,-1.96,,,,"Mustela lutreola (Linnaeus, 1761)",5219007,Mustela lutreola,CR
2007,43.209999,-1.95,,,,"Mustela lutreola (Linnaeus, 1761)",5219007,Mustela lutreola,CR
2007,42.310001,-1.85,,,,"Mustela lutreola (Linnaeus, 1761)",5219007,Mustela lutreola,CR
2007,42.220001,-1.85,,,,"Mustela lutreola (Linnaeus, 1761)",5219007,Mustela lutreola,CR
2007,42.130001,-1.85,,,,"Mustela lutreola (Linnaeus, 1761)",5219007,Mustela lutreola,CR
2007,42.040001,-1.85,,,,"Mustela lutreola (Linnaeus, 1761)",5219007,Mustela lutreola,CR
2007,43.299999,-1.83,,,,"Mustela lutreola (Linnaeus, 1761)",5219007,Mustela lutreola,CR
2007,43.209999,-1.83,,,,"Mustela lutreola (Linnaeus, 1761)",5219007,Mustela lutreola,CR
2007,42.220001,-1.73,,,,"Mustela lutreola (Linnaeus, 1761)",5219007,Mustela lutreola,CR
2007,42.130001,-1.73,,,,"Mustela lutreola (Linnaeus, 1761)",5219007,Mustela lutreola,CR
2007,42.490002,-1.36,,,,"Mustela lutreola (Linnaeus, 1761)",5219007,Mustela lutreola,CR
2007,42.400002,-1.36,,,,"Mustela lutreola (Linnaeus, 1761)",5219007,Mustela lutreola,CR
2007,42.66,-1.23,,,,"Mustela lutreola (Linnaeus, 1761)",5219007,Mustela lutreola,CR
2007,42.57,-1.23,,,,"Mustela lutreola (Linnaeus, 1761)",5219007,Mustela lutreola,CR
2007,42.66,-1.11,,,,"Mustela lutreola (Linnaeus, 1761)",5219007,Mustela lutreola,CR
